decision_id,decision,score,distinctive_max,register_id,register_birth_date,register_family_name,register_given_name,register_name,register_sex,sample_id,sample_birth_date,sample_family_name,sample_given_name,sample_name,sample_sex,evidence,review_outcome,reviewer,reviewed_at,reason
xwd:sha256:6179d94ab7a31c00cc3c6a9f3eda4156008cfcbc86174eeb3aab41d404b70278,match,1.0,1.0,34,2020-08-23,Garciarodriguez,Amal,Amal Niamh Garciarodriguez,F,34,2020-08-23,Garciarodriguez,Amal,Amal Niamh Garciarodriguez,F,"{""birth_date"": 1.0, ""name"": 1.0, ""name_tftoken"": 1.0}",,,,
xwd:sha256:2f9facd2e1cdeab9d9b27294a09a51c02cd483a0b4306bf27e58c86db6917b17,match,1.0,1.0,35,2017-04-18,Alijones,Isaac,Isaac Arseniy Alijones,M,35,2017-04-18,Alijones,Isaac,Isaac Arseniy Alijones,M,"{""birth_date"": 1.0, ""name"": 1.0, ""name_tftoken"": 1.0}",,,,
xwd:sha256:cd45a493cc14d0b8e75e5fa804157afab5820acca765ec76ae5f5f1ec91d4b4d,match,1.0,1.0,37,2018-09-05,Ruiz,Jin,Jin Finn Ruiz,M,37,2018-09-05,Ruiz,Jin,Jin Finn Ruiz,M,"{""birth_date"": 1.0, ""name"": 1.0, ""name_tftoken"": 1.0}",,,,
xwd:sha256:4e06047294d1a50c36f973fc8eeaddfd3973234281235f4fbfd70953719fb8cc,match,1.0,1.0,47,2019-06-25,Changliu,Jun,Jun Maritza Changliu,M,47,2019-06-25,Changliu,Jun,Jun Maritza Changliu,M,"{""birth_date"": 1.0, ""name"": 1.0, ""name_tftoken"": 1.0}",,,,
xwd:sha256:02c4b86662325f269cfc7d477d65fddb330abcc40d06f02d0873cd853df4a057,match,1.0,1.0,64,2019-05-13,Nakamurayamamoto,Omar,Omar Andrzej Nakamurayamamoto,M,64,2019-05-13,Nakamurayamamoto,Omar,Omar Andrzej Nakamurayamamoto,M,"{""birth_date"": 1.0, ""name"": 1.0, ""name_tftoken"": 1.0}",,,,
xwd:sha256:3ba3e607538fec7f0c767146c4771393fcfce8b1bdaba5d9259402c05977362c,match,1.0,1.0,68,2018-04-28,Kimchoi,Aaliyah,Aaliyah Marisol Kimchoi,F,68,2018-04-28,Kimchoi,Aaliyah,Aaliyah Marisol Kimchoi,F,"{""birth_date"": 1.0, ""name"": 1.0, ""name_tftoken"": 1.0}",,,,
xwd:sha256:7b191e189b3eef70ffc110aef8c25ef2d1790b01ad695b137b4ab18cd6c5df8e,match,1.0,1.0,72,2017-10-27,Torresrodriguez,Jasmine,Jasmine Giselle Torresrodriguez,F,72,2017-10-27,Torresrodriguez,Jasmine,Jasmine Giselle Torresrodriguez,F,"{""birth_date"": 1.0, ""name"": 1.0, ""name_tftoken"": 1.0}",,,,
xwd:sha256:3062e70acf153618c8497bc5dda2c9283d22c3f77c4f6f54ba40bfbc9f78f620,match,1.0,1.0,80,2020-01-19,Changchen,Selena,Selena Kiana Changchen,F,80,2020-01-19,Changchen,Selena,Selena Kiana Changchen,F,"{""birth_date"": 1.0, ""name"": 1.0, ""name_tftoken"": 1.0}",,,,
xwd:sha256:638e48869d5331c8de5c1988bd3544a6df752e0846b4df09bc96dd6ed8a80af7,match,1.0,1.0,81,2019-08-26,Leepark,Yusuf,Yusuf Rasmus Leepark,M,81,2019-08-26,Leepark,Yusuf,Yusuf Rasmus Leepark,M,"{""birth_date"": 1.0, ""name"": 1.0, ""name_tftoken"": 1.0}",,,,
xwd:sha256:82cdbcb226911409a2d736b456811e4db87c46c89a6ec379cc124038f2f7138f,match,1.0,1.0,84,2020-04-14,Ortizrodriguez,Lila,Lila Fatoumata Ortizrodriguez,F,84,2020-04-14,Ortizrodriguez,Lila,Lila Fatoumata Ortizrodriguez,F,"{""birth_date"": 1.0, ""name"": 1.0, ""name_tftoken"": 1.0}",,,,
xwd:sha256:4aacff2069bf4508cebd9c12ed2bf42b7608fa3bde79450c966d710d1bda24cf,match,1.0,1.0,87,2018-01-15,Hernandezgonzalez,Lila,Lila Inessa Hernandezgonzalez,F,87,2018-01-15,Hernandezgonzalez,Lila,Lila Inessa Hernandezgonzalez,F,"{""birth_date"": 1.0, ""name"": 1.0, ""name_tftoken"": 1.0}",,,,
xwd:sha256:4c287af71fc731260c4f918c02cea303202a3375969ae50a74e132668274a3c3,match,1.0,1.0,113,2020-10-05,Jenkins,Aubrey,Aubrey Sophia Jenkins,F,113,2020-10-05,Jenkins,Aubrey,Aubrey Sophia Jenkins,F,"{""birth_date"": 1.0, ""name"": 1.0, ""name_tftoken"": 1.0}",,,,
xwd:sha256:597c5556cd304c8822010f8d6768368d3736870201f501aa032eaeedaf7f6829,match,1.0,1.0,119,2016-05-07,White,Sage,Sage Isabella White,F,119,2016-05-07,White,Sage,Sage Isabella White,F,"{""birth_date"": 1.0, ""name"": 1.0, ""name_tftoken"": 1.0}",,,,
xwd:sha256:0caf39243520f8e28a00bc9d8c723377e16f37e159ac9bd13c1c7029ea7d7033,match,1.0,1.0,122,2018-11-21,Allen,Drew,Drew Samuel Allen,M,122,2018-11-21,Allen,Drew,Drew Samuel Allen,M,"{""birth_date"": 1.0, ""name"": 1.0, ""name_tftoken"": 1.0}",,,,
xwd:sha256:8a8afa1b359b3efe9fc2c123a8eda9972bcef9a3037d284baae9b2452bc2ed2e,match,1.0,1.0,129,2020-11-14,Green,Bailey,Bailey Daniel Green,F,129,2020-11-14,Green,Bailey,Bailey Daniel Green,F,"{""birth_date"": 1.0, ""name"": 1.0, ""name_tftoken"": 1.0}",,,,
xwd:sha256:98f6ddce080b161fbb808a1a95c3da05967120141bd9f543159350c13c46f909,match,1.0,1.0,131,2017-09-05,Lee,Morgan,Morgan Nicholas Lee,F,131,2017-09-05,Lee,Morgan,Morgan Nicholas Lee,F,"{""birth_date"": 1.0, ""name"": 1.0, ""name_tftoken"": 1.0}",,,,
xwd:sha256:f0491df78e00cb629521194d13b3012df31881b5080399f7b0de6acc1001f6af,match,1.0,1.0,133,2020-01-07,Hall,Avery,Avery Ryan Hall,F,133,2020-01-07,Hall,Avery,Avery Ryan Hall,F,"{""birth_date"": 1.0, ""name"": 1.0, ""name_tftoken"": 1.0}",,,,
xwd:sha256:caa9d9a8f1d39e0274e852ddbd14ff93d2048614882ba16175c173b7972ced81,match,1.0,1.0,174,2018-11-08,Rivera,Casey,Casey Ethan Rivera,M,174,2018-11-08,Rivera,Casey,Casey Ethan Rivera,M,"{""birth_date"": 1.0, ""name"": 1.0, ""name_tftoken"": 1.0}",,,,
xwd:sha256:6b81064b7faa0563b1e1d7760e82930c84463a4d1ba4c2ad42a0a31aebbf4d18,match,1.0,1.0,207,2020-06-25,Patea,Tuakana,Tuakana Toa Patea,M,207,2020-06-25,Patea,Tuakana,Tuakana Toa Patea,M,"{""birth_date"": 1.0, ""name"": 1.0, ""name_tftoken"": 1.0}",,,,
xwd:sha256:6d9d84e776e5c90ee4c68b536517f6fcb9528d1318187bf4a3c84a5000d639ec,match,1.0,1.0,210,2017-05-31,Tavita,Mele,Mele Kula Tavita,F,210,2017-05-31,Tavita,Mele,Mele Kula Tavita,F,"{""birth_date"": 1.0, ""name"": 1.0, ""name_tftoken"": 1.0}",,,,
xwd:sha256:7ba3c2339d1a56889ef52fb7ee9536fb0c056143030a435955f7648510016a71,match,1.0,1.0,212,2017-11-30,Teura,Sina,Sina Orama Teura,F,212,2017-11-30,Teura,Sina,Sina Orama Teura,F,"{""birth_date"": 1.0, ""name"": 1.0, ""name_tftoken"": 1.0}",,,,
xwd:sha256:d015433225a6bc32dc079a44edc5fab8e619619a841eb247610fcecb382c00a3,match,1.0,1.0,215,2017-08-03,Tuala,Iakopo,Iakopo Lutu Tuala,F,215,2017-08-03,Tuala,Iakopo,Iakopo Lutu Tuala,M,"{""birth_date"": 1.0, ""name"": 1.0, ""name_tftoken"": 1.0}",,,,
xwd:sha256:ffbc3a6dcf76362c751496b31b427e94775947d56646e7eda6b1c398ed33e75c,match,1.0,1.0,216,2018-10-11,Tane,Hinemoa,Hinemoa Atareta Tane,F,216,2018-10-11,Tane,Hinemoa,Hinemoa Atareta Tane,F,"{""birth_date"": 1.0, ""name"": 1.0, ""name_tftoken"": 1.0}",,,,
xwd:sha256:3a0f4f419484db7cfa15f89ac81ac9f19d555c0b1808e6bd872eb0efaf90c5f6,match,1.0,1.0,237,2018-06-20,Kaipo,Mikaele,Mikaele Taufa Kaipo,M,237,2018-06-20,Kaipo,Mikaele,Mikaele Taufa Kaipo,M,"{""birth_date"": 1.0, ""name"": 1.0, ""name_tftoken"": 1.0}",,,,
xwd:sha256:1a9240cc79f3780a2586ddfc3cf1108d04419c51408b355828b8ec3b37c605f8,match,1.0,1.0,239,2019-08-15,Onaona,Toa,Toa Malakai Onaona,M,239,2019-08-15,Onaona,Toa,Toa Malakai Onaona,M,"{""birth_date"": 1.0, ""name"": 1.0, ""name_tftoken"": 1.0}",,,,
xwd:sha256:a98c7b8ec84b993d0fa0e9c97dec5b19b204f969a8896489ac095bdb1246dc45,match,1.0,1.0,245,2017-01-08,Ola,Palefau,Palefau Soane Ola,M,245,2017-01-08,Ola,Palefau,Palefau Soane Ola,M,"{""birth_date"": 1.0, ""name"": 1.0, ""name_tftoken"": 1.0}",,,,
xwd:sha256:adaceace0cb09c6dc4cc7e48ff04af2a32398cfeea943fb9e1fe86f2b610fac0,match,1.0,1.0,246,2020-06-11,Tuitupou,Fetu,Fetu Leilani Tuitupou,F,246,2020-06-11,Tuitupou,Fetu,Fetu Leilani Tuitupou,F,"{""birth_date"": 1.0, ""name"": 1.0, ""name_tftoken"": 1.0}",,,,
xwd:sha256:78385c39c5bac30ea083d84bec5d72519f8e2bd760f39c56984bf1da56697632,match,1.0,1.0,257,2018-11-18,Davis,Desiree,Desiree Monique Davis,F,257,2018-11-18,Davis,Desiree,Desiree Monique Davis,F,"{""birth_date"": 1.0, ""name"": 1.0, ""name_tftoken"": 1.0}",,,,
xwd:sha256:699722428df45f5055899c8921e8d28d1f4c18e0a91e1253ba3a22d61d310932,match,1.0,1.0,263,2016-06-07,Adams,Monique,Monique Danielle Adams,F,263,2016-06-07,Adams,Monique,Monique Danielle Adams,F,"{""birth_date"": 1.0, ""name"": 1.0, ""name_tftoken"": 1.0}",,,,
xwd:sha256:0360e29fd1927ba05a2c1e34591d3cb8593690e264e06dc457260f24413f3124,match,1.0,1.0,268,2017-08-05,Richardson,Ciara,Ciara Marie Richardson,F,268,2017-08-05,Richardson,Ciara,Ciara Marie Richardson,F,"{""birth_date"": 1.0, ""name"": 1.0, ""name_tftoken"": 1.0}",,,,
xwd:sha256:27b1ae4e4cea004d76737554e182b3232e35131f5f50905f1caee7cb7770f59a,match,1.0,1.0,270,2019-11-12,Lee,Jazmine,Jazmine Michelle Lee,F,270,2019-11-12,Lee,Jazmine,Jazmine Michelle Lee,F,"{""birth_date"": 1.0, ""name"": 1.0, ""name_tftoken"": 1.0}",,,,
xwd:sha256:f07b28ec4a99bb5bc17e46113e725d8f8f3e405c63c937936e1fa8095b50f857,match,1.0,1.0,274,2019-06-20,Jackson,Corey,Corey James Jackson,M,274,2019-06-20,Jackson,Corey,Corey James Jackson,M,"{""birth_date"": 1.0, ""name"": 1.0, ""name_tftoken"": 1.0}",,,,
xwd:sha256:d029c809ba161d25bd34ed898c503583c5634af9427cf9b1bb332372819deb56,match,1.0,1.0,277,2018-09-28,Lewis,Andre,Andre Lamar Lewis,M,277,2018-09-28,Lewis,Andre,Andre Lamar Lewis,M,"{""birth_date"": 1.0, ""name"": 1.0, ""name_tftoken"": 1.0}",,,,
xwd:sha256:9af82ae3d8ea3f09a46cc60ba11d59c8913abcc3fdabf643f15b6568c9b5fff8,match,1.0,1.0,280,2017-11-09,Wilson,Terrence,Terrence Michael Wilson,M,280,2017-11-09,Wilson,Terrence,Terrence Michael Wilson,M,"{""birth_date"": 1.0, ""name"": 1.0, ""name_tftoken"": 1.0}",,,,
xwd:sha256:907f44959ca7dbfe087bb394cd401f3dd4ad7fbec99b190ac2095536d68214b0,match,1.0,1.0,282,2019-10-08,Wright,Clarence,Clarence Jerome Wright,,282,2019-10-08,Wright,Clarence,Clarence Jerome Wright,M,"{""birth_date"": 1.0, ""name"": 1.0, ""name_tftoken"": 1.0}",,,,
xwd:sha256:93c9741bbec358581b9832222d9d3ad93611b1e64f9534d8474526f0c89eb6de,match,1.0,1.0,286,2019-12-14,Anderson,Marquis,Marquis Alexander Anderson,,286,2019-12-14,Anderson,Marquis,Marquis Alexander Anderson,M,"{""birth_date"": 1.0, ""name"": 1.0, ""name_tftoken"": 1.0}",,,,
xwd:sha256:52ac17a469521473349495bd0db218bc3c9e5492a7c8e8d5b00db52e0baed9a5,match,1.0,1.0,288,2017-05-02,Baker,Cedric,Cedric Lamar Baker,M,288,2017-05-02,Baker,Cedric,Cedric Lamar Baker,M,"{""birth_date"": 1.0, ""name"": 1.0, ""name_tftoken"": 1.0}",,,,
xwd:sha256:3268cb67ce8575ba237e47f74b0774f71b213993f1a1b9e6a6389cf72fd04f04,match,1.0,1.0,292,2017-10-04,Davis,Rashad,Rashad Malik Davis,M,292,2017-10-04,Davis,Rashad,Rashad Malik Davis,M,"{""birth_date"": 1.0, ""name"": 1.0, ""name_tftoken"": 1.0}",,,,
xwd:sha256:d5eae0aa4ce3603e5df1527663481eed9ffe0f41e27d19ac31186fefb0825000,match,1.0,1.0,298,2019-09-23,Jackson,Terrance,Terrance Alexander Jackson,M,298,2019-09-23,Jackson,Terrance,Terrance Alexander Jackson,M,"{""birth_date"": 1.0, ""name"": 1.0, ""name_tftoken"": 1.0}",,,,
xwd:sha256:67edeeeb8402472ab5e91ca76303c62dfa0df1cd645b5dba93cea5da79da396a,match,1.0,1.0,308,2018-11-14,Robinson,Amelia,Amelia Faith Robinson,,308,2018-11-14,Robinson,Amelia,Amelia Faith Robinson,F,"{""birth_date"": 1.0, ""name"": 1.0, ""name_tftoken"": 1.0}",,,,
xwd:sha256:fe09d985774dd3abcd3c333d28b2cb52e8cabe042e4957d0642b09df37ce8b3d,match,1.0,1.0,315,2018-03-03,Davis,Evelyn,Evelyn Faith Davis,F,315,2018-03-03,Davis,Evelyn,Evelyn Faith Davis,F,"{""birth_date"": 1.0, ""name"": 1.0, ""name_tftoken"": 1.0}",,,,
xwd:sha256:7baefc491b827909d7fe4d1bc95b2e7b76d535562f4267e1b40cae67ba24fe8f,match,1.0,1.0,317,2017-12-18,Lee,Chloe,Chloe Isabella Lee,F,317,2017-12-18,Lee,Chloe,Chloe Isabella Lee,F,"{""birth_date"": 1.0, ""name"": 1.0, ""name_tftoken"": 1.0}",,,,
xwd:sha256:6374922222299abc94d347569425746efcba7cafd4e1633afbccc32d1547d944,match,1.0,1.0,322,2017-10-15,Kim,Zoey,Zoey Elizabeth Kim,F,322,2017-10-15,Kim,Zoey,Zoey Elizabeth Kim,F,"{""birth_date"": 1.0, ""name"": 1.0, ""name_tftoken"": 1.0}",,,,
xwd:sha256:6dbf3372407dde5697d511643efee4d086fc5ab525317927945fe1924a2e45c0,match,1.0,1.0,325,2020-11-26,Lee,Ariana,Ariana Elizabeth Lee,F,325,2020-11-26,Lee,Ariana,Ariana Elizabeth Lee,F,"{""birth_date"": 1.0, ""name"": 1.0, ""name_tftoken"": 1.0}",,,,
xwd:sha256:bef8674ed4fc0c1c9736d662736b8e31f3f8ac8215c48f2db7184368e9a93b23,match,1.0,1.0,331,2018-04-04,Robinson,Claire,Claire Olivia Robinson,F,331,2018-04-04,Robinson,Claire,Claire Olivia Robinson,F,"{""birth_date"": 1.0, ""name"": 1.0, ""name_tftoken"": 1.0}",,,,
xwd:sha256:a9e9ec9bec9e30d90af0449cb61b64ade62a708aa1a604534dcdfdabbde325af,match,1.0,1.0,333,2017-06-13,Wilson,Autumn,Autumn Elizabeth Wilson,F,333,2017-06-13,Wilson,Autumn,Autumn Elizabeth Wilson,F,"{""birth_date"": 1.0, ""name"": 1.0, ""name_tftoken"": 1.0}",,,,
xwd:sha256:e08aa33eb587e4daf0cec70661282e6400920f97ddcaf2e011136dfcdfb07f4c,match,1.0,1.0,334,2020-03-10,Lee,Paisley,Paisley Rose Lee,F,334,2020-03-10,Lee,Paisley,Paisley Rose Lee,F,"{""birth_date"": 1.0, ""name"": 1.0, ""name_tftoken"": 1.0}",,,,
xwd:sha256:c129a4c7fb6a5c7b608c9b505e9d3aa783f8de910af2a2a6072d7255839b916f,match,1.0,1.0,336,2018-11-18,Davis,Everly,Everly Sophia Davis,F,336,2018-11-18,Davis,Everly,Everly Sophia Davis,F,"{""birth_date"": 1.0, ""name"": 1.0, ""name_tftoken"": 1.0}",,,,
xwd:sha256:cc4a5150e9f9c54a8d704e934b09a6418282fd1e4fbcdf76f217766d571ef648,match,1.0,1.0,339,2020-05-24,Robinson,Julia,Julia Marie Robinson,F,339,2020-05-24,Robinson,Julia,Julia Marie Robinson,F,"{""birth_date"": 1.0, ""name"": 1.0, ""name_tftoken"": 1.0}",,,,
xwd:sha256:32f1954d08236c790fb36c3d53256b575304083f0e8f040bf3f2c65ffaafeb39,match,1.0,1.0,347,2017-10-10,Wilson,Hadley,Hadley Elizabeth Wilson,M,347,2017-10-10,Wilson,Hadley,Hadley Elizabeth Wilson,F,"{""birth_date"": 1.0, ""name"": 1.0, ""name_tftoken"": 1.0}",,,,
xwd:sha256:f4252230aa3a0903458d5ad423ef425fa58a71a5c03041732858e3f214a18492,match,1.0,1.0,361,2017-01-24,Smith,Naomi,Naomi Elizabeth Smith,,361,2017-01-24,Smith,Naomi,Naomi Elizabeth Smith,F,"{""birth_date"": 1.0, ""name"": 1.0, ""name_tftoken"": 1.0}",,,,
xwd:sha256:934715f6061aca2897358a328be25bedad1a5df9aa67e190b5402e161ded7ae4,match,1.0,1.0,363,2020-02-09,Davis,Piper,Piper Victoria Davis,F,363,2020-02-09,Davis,Piper,Piper Victoria Davis,F,"{""birth_date"": 1.0, ""name"": 1.0, ""name_tftoken"": 1.0}",,,,
xwd:sha256:c883a7b23238a1cad89a6b88b868303865c73e0bb37c2d739754b0ef8b08c976,match,1.0,1.0,366,2017-09-01,Robinson,Hope,Hope Olivia Robinson,F,366,2017-09-01,Robinson,Hope,Hope Olivia Robinson,F,"{""birth_date"": 1.0, ""name"": 1.0, ""name_tftoken"": 1.0}",,,,
xwd:sha256:c619a78802a5675303b64aa7a7cf75fd351cbc73a030f4bd375841e5b433da21,match,1.0,1.0,369,2019-08-04,Kim,Charlotte,Charlotte Nicole Kim,F,369,2019-08-04,Kim,Charlotte,Charlotte Nicole Kim,F,"{""birth_date"": 1.0, ""name"": 1.0, ""name_tftoken"": 1.0}",,,,
xwd:sha256:d5b31ed37ecbfb1cbbad0990e55cc0712de04de015f05f2d21864647c657c3f5,match,1.0,1.0,370,2017-02-13,Singh,Isabella,Isabella Marie Singh,F,370,2017-02-13,Singh,Isabella,Isabella Marie Singh,F,"{""birth_date"": 1.0, ""name"": 1.0, ""name_tftoken"": 1.0}",,,,
xwd:sha256:326b5a1eafdc4a733500e11935ca96d4d9826384547a5412ab9a4c35efa000d8,match,1.0,1.0,373,2017-06-16,Williams,Amelia,Amelia Claire Williams,F,373,2017-06-16,Williams,Amelia,Amelia Claire Williams,F,"{""birth_date"": 1.0, ""name"": 1.0, ""name_tftoken"": 1.0}",,,,
xwd:sha256:e7a4c5e21fa01f75e1a4d6c37208a48d77cf6cbde97e28a9ff15b6e0546c3271,match,1.0,1.0,379,2018-12-14,Garcia,Harper,Harper Jane Garcia,F,379,2018-12-14,Garcia,Harper,Harper Jane Garcia,F,"{""birth_date"": 1.0, ""name"": 1.0, ""name_tftoken"": 1.0}",,,,
xwd:sha256:a9b07604ddc5ad42dc5fb6148b9b1973da3b635d60527b7a3cd16ca7a2cbdb19,match,1.0,1.0,387,2018-06-28,Lewis,Eleanor,Eleanor Joy Lewis,F,387,2018-06-28,Lewis,Eleanor,Eleanor Joy Lewis,F,"{""birth_date"": 1.0, ""name"": 1.0, ""name_tftoken"": 1.0}",,,,
xwd:sha256:261428a474561abe44e2294b9272a561485bad3def5e0ff384f5a0724d9ac17f,match,1.0,1.0,394,2019-02-23,Lee,Audrey,Audrey Faith Lee,F,394,2019-02-23,Lee,Audrey,Audrey Faith Lee,F,"{""birth_date"": 1.0, ""name"": 1.0, ""name_tftoken"": 1.0}",,,,
xwd:sha256:95d6c58b522a72b7c736c77fd87a57d556facb4d0d24c46afa07686f47a25fbc,match,1.0,1.0,399,2016-11-02,Patel,Savannah,Savannah Grace Patel,F,399,2016-11-02,Patel,Savannah,Savannah Grace Patel,F,"{""birth_date"": 1.0, ""name"": 1.0, ""name_tftoken"": 1.0}",,,,
xwd:sha256:2dc456157e5892b1c6d3c9bae64707785e1f0982cab62622227f5e4b3e4b5582,match,1.0,1.0,413,2019-02-08,Hernandez,Hadley,Hadley Lynn Hernandez,F,413,2019-02-08,Hernandez,Hadley,Hadley Lynn Hernandez,F,"{""birth_date"": 1.0, ""name"": 1.0, ""name_tftoken"": 1.0}",,,,
xwd:sha256:ba2702983ca0dbd8bcededca4fb5ec870333d596f10c25b192089f9f5a65180e,match,1.0,1.0,414,2020-10-13,Taylor,Reese,Reese Hope Taylor,F,414,2020-10-13,Taylor,Reese,Reese Hope Taylor,F,"{""birth_date"": 1.0, ""name"": 1.0, ""name_tftoken"": 1.0}",,,,
xwd:sha256:28f6c6cc8cc211c16bd80827d667f2e1d9e8953126191dd13c67f836ea44a709,match,1.0,1.0,417,2016-12-16,Lewis,Paisley,Paisley Jane Lewis,F,417,2016-12-16,Lewis,Paisley,Paisley Jane Lewis,F,"{""birth_date"": 1.0, ""name"": 1.0, ""name_tftoken"": 1.0}",,,,
xwd:sha256:882580cd8730d3df6e8e863be15d4d3ab93db84ec24c43b936a1b336fff01253,match,1.0,1.0,420,2017-01-12,Collins,Molly,Molly Faith Collins,F,420,2017-01-12,Collins,Molly,Molly Faith Collins,F,"{""birth_date"": 1.0, ""name"": 1.0, ""name_tftoken"": 1.0}",,,,
xwd:sha256:53ca313809fe72ca50d7afd70269a0e5b5d32cc717865598b77c8bccb92dfe54,match,1.0,1.0,427,2017-08-14,Williams,Poppy,Poppy Rose Williams,F,427,2017-08-14,Williams,Poppy,Poppy Rose Williams,F,"{""birth_date"": 1.0, ""name"": 1.0, ""name_tftoken"": 1.0}",,,,
xwd:sha256:03b22496ae78e2884ca2ffd3b65f9a67882da7d2f47df01f9ce48fbde766e12e,match,1.0,1.0,431,2019-07-05,Kim,Phoebe,Phoebe Marie Kim,F,431,2019-07-05,Kim,Phoebe,Phoebe Marie Kim,F,"{""birth_date"": 1.0, ""name"": 1.0, ""name_tftoken"": 1.0}",,,,
xwd:sha256:fa4dc9696999910684b47d11cb86b53264537f22e806969baf1197950016438d,match,1.0,1.0,434,2017-04-21,Johnson,Alexa,Alexa Marie Johnson,F,434,2017-04-21,Johnson,Alexa,Alexa Marie Johnson,F,"{""birth_date"": 1.0, ""name"": 1.0, ""name_tftoken"": 1.0}",,,,
xwd:sha256:82a9ffcf97aa705541a99589806c087fb04dffbd4bfeb835c120550336d035cc,match,1.0,1.0,438,2016-12-22,Miller,Autumn,Autumn Marie Miller,F,438,2016-12-22,Miller,Autumn,Autumn Marie Miller,F,"{""birth_date"": 1.0, ""name"": 1.0, ""name_tftoken"": 1.0}",,,,
xwd:sha256:0d20fcada64b3c540e62ebefe2d2bd0923fe734fdaabd3a5b09b880bb8f5c159,match,1.0,1.0,439,2018-05-30,Garcia,Brooklyn,Brooklyn Jane Garcia,F,439,2018-05-30,Garcia,Brooklyn,Brooklyn Jane Garcia,F,"{""birth_date"": 1.0, ""name"": 1.0, ""name_tftoken"": 1.0}",,,,
xwd:sha256:a949b9be253ad46b7eca6586076c20d49243f52c40a6d48297e06d75139745c8,match,1.0,1.0,440,2017-03-01,Brown,Claire,Claire Elizabeth Brown,,440,2017-03-01,Brown,Claire,Claire Elizabeth Brown,F,"{""birth_date"": 1.0, ""name"": 1.0, ""name_tftoken"": 1.0}",,,,
xwd:sha256:ef3cccd4a66cbc92cefc3b7162024720adc128546939a2971a594c181e8489c8,match,1.0,1.0,442,2018-11-18,Wright,Piper,Piper Lynn Wright,F,442,2018-11-18,Wright,Piper,Piper Lynn Wright,F,"{""birth_date"": 1.0, ""name"": 1.0, ""name_tftoken"": 1.0}",,,,
xwd:sha256:1c9b1de685c77e37ddf73ec8b78021a082de31ec3b5eb99e970a4fa8812f5996,match,1.0,1.0,445,2020-01-06,Smith,Lily,Lily Marie Smith,F,445,2020-01-06,Smith,Lily,Lily Marie Smith,F,"{""birth_date"": 1.0, ""name"": 1.0, ""name_tftoken"": 1.0}",,,,
xwd:sha256:40afde7367e2aa22b6b45cc962bb91660e56bd7244494664a16a73e532e8469b,match,1.0,1.0,446,2016-09-11,Cooper,Harper,Harper Jean Cooper,,446,2016-09-11,Cooper,Harper,Harper Jean Cooper,F,"{""birth_date"": 1.0, ""name"": 1.0, ""name_tftoken"": 1.0}",,,,
xwd:sha256:e0d0e5c7e9c350804075b49d92f9f5346ad9089199a4a6dfc712b3c2351793d6,match,1.0,1.0,451,2019-08-03,Kim,Sophia,Sophia Hope Kim,F,451,2019-08-03,Kim,Sophia,Sophia Hope Kim,F,"{""birth_date"": 1.0, ""name"": 1.0, ""name_tftoken"": 1.0}",,,,
xwd:sha256:515fa2694d7c5831ca2272b78aceea4048e52015824656421cae91241e001b06,match,1.0,1.0,454,2018-09-08,Lee,Lily,Lily Faith Lee,F,454,2018-09-08,Lee,Lily,Lily Faith Lee,F,"{""birth_date"": 1.0, ""name"": 1.0, ""name_tftoken"": 1.0}",,,,
xwd:sha256:4fd1b9b4397628a2d7a0422ac86d880a1013b7fb5e52e01c9aa77d8a55574e69,match,1.0,1.0,458,2018-12-27,Davis,Zoey,Zoey Marie Davis,F,458,2018-12-27,Davis,Zoey,Zoey Marie Davis,F,"{""birth_date"": 1.0, ""name"": 1.0, ""name_tftoken"": 1.0}",,,,
xwd:sha256:f9093fd74b2fbea9e9d7543afff14523a3d2b52628677a8ff4423f7a2068f6e0,match,1.0,1.0,471,2016-02-19,Campbell,William,William Matthew Campbell,M,471,2016-02-19,Campbell,William,William Matthew Campbell,M,"{""birth_date"": 1.0, ""name"": 1.0, ""name_tftoken"": 1.0}",,,,
xwd:sha256:19bb5b0d3c325e85a0f398920c961e415959a388f100cde9110f83196af03775,match,1.0,1.0,479,2019-11-03,Taylor,Ryan,Ryan Christopher Taylor,M,479,2019-11-03,Taylor,Ryan,Ryan Christopher Taylor,M,"{""birth_date"": 1.0, ""name"": 1.0, ""name_tftoken"": 1.0}",,,,
xwd:sha256:ef667ef7b3f8adf1e411fb5e5e7fb8d3ddbea4ef4e936a007b8bc20f0284aa4f,match,1.0,1.0,482,2016-07-22,Lee,Joseph,Joseph Brandon Lee,M,482,2016-07-22,Lee,Joseph,Joseph Brandon Lee,M,"{""birth_date"": 1.0, ""name"": 1.0, ""name_tftoken"": 1.0}",,,,
xwd:sha256:22e910fd8e48d0c2ec65814d713a4646c935e633576668cc08b06345dd87ea39,match,1.0,1.0,485,2018-10-30,Torres,Brandon,Brandon Alexander Torres,M,485,2018-10-30,Torres,Brandon,Brandon Alexander Torres,M,"{""birth_date"": 1.0, ""name"": 1.0, ""name_tftoken"": 1.0}",,,,
xwd:sha256:f8833636120dafb62b316b47ead1c3a3a4db0e2dc2f4abe0380e16bfc702e3d7,match,1.0,1.0,488,2016-08-05,Perez,Kevin,Kevin Alexander Perez,M,488,2016-08-05,Perez,Kevin,Kevin Alexander Perez,M,"{""birth_date"": 1.0, ""name"": 1.0, ""name_tftoken"": 1.0}",,,,
xwd:sha256:99089d99c6e1843d8099e85b58a7448f6ce6b71e29e6693047feb6a7f9457f10,match,1.0,1.0,492,2019-09-10,Foster,Justin,Justin Michael Foster,M,492,2019-09-10,Foster,Justin,Justin Michael Foster,M,"{""birth_date"": 1.0, ""name"": 1.0, ""name_tftoken"": 1.0}",,,,
xwd:sha256:75ce3a168ada9ad8a9714c31a9ac79b457a8ed2d1d07dcbce438b484ed1242ac,match,1.0,1.0,494,2016-11-06,Rodriguez,Timothy,Timothy Steven Rodriguez,M,494,2016-11-06,Rodriguez,Timothy,Timothy Steven Rodriguez,M,"{""birth_date"": 1.0, ""name"": 1.0, ""name_tftoken"": 1.0}",,,,
xwd:sha256:84c1ec6661c0dd9bee613b3528c9c9babb184c3a81299d00d2226e33a81c79a4,match,1.0,1.0,499,2017-03-19,Young,Alexander,Alexander Nicholas Young,M,499,2017-03-19,Young,Alexander,Alexander Nicholas Young,M,"{""birth_date"": 1.0, ""name"": 1.0, ""name_tftoken"": 1.0}",,,,
xwd:sha256:ed67c8a1cffb7e4a0620269639e031c6f20bd855b45a5e20e11b2fa5235ebfc3,match,1.0,1.0,500,2016-10-19,Hall,Dylan,Dylan Benjamin Hall,M,500,2016-10-19,Hall,Dylan,Dylan Benjamin Hall,M,"{""birth_date"": 1.0, ""name"": 1.0, ""name_tftoken"": 1.0}",,,,
xwd:sha256:c7ad58d564872cb1d68c8adabbb50e904c5fbe17fb2775c09b224a3ef1b6a61a,match,1.0,1.0,503,2020-12-08,Lewis,Mason,Mason Joseph Lewis,M,503,2020-12-08,Lewis,Mason,Mason Joseph Lewis,M,"{""birth_date"": 1.0, ""name"": 1.0, ""name_tftoken"": 1.0}",,,,
xwd:sha256:a6b926745c4f3e36354089ad2bf8cf2c0e5b66894b617f2b62f7c75f52ac5a38,match,1.0,1.0,509,2017-08-30,Clark,Cody,Cody Richard Clark,M,509,2017-08-30,Clark,Cody,Cody Richard Clark,M,"{""birth_date"": 1.0, ""name"": 1.0, ""name_tftoken"": 1.0}",,,,
xwd:sha256:63c3aa4424c8d3a829116c472adb5ff703d2f24a74e42a3f74c5bcaf3d3ee80e,match,1.0,1.0,516,2016-02-23,Perez,Tyler,Tyler James Perez,,516,2016-02-23,Perez,Tyler,Tyler James Perez,M,"{""birth_date"": 1.0, ""name"": 1.0, ""name_tftoken"": 1.0}",,,,
xwd:sha256:dbce6c2066e5af67918c25e9d79e8a182eea7bb891025ba991b985d2dd58253d,match,1.0,1.0,520,2020-01-01,Roberts,Nicholas,Nicholas Joseph Roberts,M,520,2020-01-01,Roberts,Nicholas,Nicholas Joseph Roberts,M,"{""birth_date"": 1.0, ""name"": 1.0, ""name_tftoken"": 1.0}",,,,
xwd:sha256:d782b7579d818b9c0a721493c926bb56d9a57182be8e41a2bd83f0214fd075ab,match,1.0,1.0,526,2020-04-22,Ramirez,Daniel,Daniel Matthew Ramirez,M,526,2020-04-22,Ramirez,Daniel,Daniel Matthew Ramirez,M,"{""birth_date"": 1.0, ""name"": 1.0, ""name_tftoken"": 1.0}",,,,
xwd:sha256:07e8f8ae6a5eb93b0cd2b198992a7d2e559f13cfd60f724a43fe5a2a8f6e3410,match,1.0,1.0,530,2017-03-24,Taylor,Nicholas,Nicholas Christopher Taylor,M,530,2017-03-24,Taylor,Nicholas,Nicholas Christopher Taylor,M,"{""birth_date"": 1.0, ""name"": 1.0, ""name_tftoken"": 1.0}",,,,
xwd:sha256:cefb0b034b6f709e39d176ef0be23c320f5e6a54ea6f6340440299efbca27611,match,1.0,1.0,534,2017-12-05,Robinson,Nathan,Nathan Matthew Robinson,M,534,2017-12-05,Robinson,Nathan,Nathan Matthew Robinson,M,"{""birth_date"": 1.0, ""name"": 1.0, ""name_tftoken"": 1.0}",,,,
xwd:sha256:594d0541785da7e59458be921eaccb6d88a572823a38338d3c68aac2007eaf2e,match,1.0,1.0,543,2019-02-18,Cooper,Caleb,Caleb Michael Cooper,M,543,2019-02-18,Cooper,Caleb,Caleb Michael Cooper,M,"{""birth_date"": 1.0, ""name"": 1.0, ""name_tftoken"": 1.0}",,,,
xwd:sha256:b67fc2fee085341a2546d72001699d517c8d273959a321dff0f4134a14c4f801,match,1.0,1.0,546,2020-07-07,Morris,Robert,Robert Joseph Morris,M,546,2020-07-07,Morris,Robert,Robert Joseph Morris,M,"{""birth_date"": 1.0, ""name"": 1.0, ""name_tftoken"": 1.0}",,,,
xwd:sha256:0a1e4185c135a501e27f2ef677ce70423e715c4addb74ed9d777ad9ba735fa96,match,1.0,1.0,548,2017-01-31,Clark,Christopher,Christopher Ryan Clark,M,548,2017-01-31,Clark,Christopher,Christopher Ryan Clark,M,"{""birth_date"": 1.0, ""name"": 1.0, ""name_tftoken"": 1.0}",,,,
xwd:sha256:859d515314fa781a9d737bad42eff2ddb3d616d32a5b2ee8959d19526c3a129d,match,1.0,1.0,556,2019-12-28,Perez,Mason,Mason Christopher Perez,M,556,2019-12-28,Perez,Mason,Mason Christopher Perez,M,"{""birth_date"": 1.0, ""name"": 1.0, ""name_tftoken"": 1.0}",,,,
xwd:sha256:9e38c62de31e0cd4f146daeb616e83f097b3292e8c6cde21d5ddc986eeb38f0d,match,1.0,1.0,560,2016-03-25,Ramirez,Brian,Brian David Ramirez,M,560,2016-03-25,Ramirez,Brian,Brian David Ramirez,M,"{""birth_date"": 1.0, ""name"": 1.0, ""name_tftoken"": 1.0}",,,,
xwd:sha256:d5d175e6797c53f36c69527c02b74df91e388219cffc0595a4e60a292a72cfb0,match,1.0,1.0,567,2020-12-10,Edwards,William,William Patrick Edwards,M,567,2020-12-10,Edwards,William,William Patrick Edwards,M,"{""birth_date"": 1.0, ""name"": 1.0, ""name_tftoken"": 1.0}",,,,
xwd:sha256:da8a46147abe5f62bd2b6747208f2cf6369ce6affa781c9e2a9f0db009f0e740,match,1.0,1.0,568,2016-05-14,Miller,Tyler,Tyler James Miller,M,568,2016-05-14,Miller,Tyler,Tyler James Miller,M,"{""birth_date"": 1.0, ""name"": 1.0, ""name_tftoken"": 1.0}",,,,
xwd:sha256:30abce49080795b02d04623d65ab4625332d6f1927dce05b86041a417aedcd7a,match,1.0,1.0,572,2020-01-20,Ross,Christopher,Christopher Matthew Ross,M,572,2020-01-20,Ross,Christopher,Christopher Matthew Ross,M,"{""birth_date"": 1.0, ""name"": 1.0, ""name_tftoken"": 1.0}",,,,
xwd:sha256:ccd822c59f1a5c1597aa6447f33acb63376c72b0dd98ca1a7db867a724f3cfc8,match,1.0,1.0,574,2018-11-11,Wright,Timothy,Timothy John Wright,M,574,2018-11-11,Wright,Timothy,Timothy John Wright,M,"{""birth_date"": 1.0, ""name"": 1.0, ""name_tftoken"": 1.0}",,,,
xwd:sha256:faa2ea1cb543c5039d5c2f41f1497dab70a09527df376492221f510fac15979f,match,1.0,1.0,577,2016-02-12,Brooks,Alexander,Alexander Joseph Brooks,M,577,2016-02-12,Brooks,Alexander,Alexander Joseph Brooks,M,"{""birth_date"": 1.0, ""name"": 1.0, ""name_tftoken"": 1.0}",,,,
xwd:sha256:b2c63e123a41caa95c70cfc82d5a7ec62dbfa538a201b62da1bafbf1684c9d9f,match,1.0,1.0,586,2019-02-03,Hayes,Adam,Adam William Hayes,M,586,2019-02-03,Hayes,Adam,Adam William Hayes,M,"{""birth_date"": 1.0, ""name"": 1.0, ""name_tftoken"": 1.0}",,,,
xwd:sha256:5dbd680ef5ad6b4f8d7a01f9da6738c3372681862294f031052f2ca5c51b4d35,match,1.0,1.0,589,2020-07-02,Collins,Steven,Steven Joseph Collins,M,589,2020-07-02,Collins,Steven,Steven Joseph Collins,M,"{""birth_date"": 1.0, ""name"": 1.0, ""name_tftoken"": 1.0}",,,,
xwd:sha256:5b326f42a5f1d35a5c5432b8177cc4e8da45ad9588330388241a3d525997e61a,match,1.0,1.0,592,2018-08-15,Watson,Christopher,Christopher John Watson,M,592,2018-08-15,Watson,Christopher,Christopher John Watson,M,"{""birth_date"": 1.0, ""name"": 1.0, ""name_tftoken"": 1.0}",,,,
xwd:sha256:0db9f41b82a7468534a646ad89e7b80a3df0bd2cb5e71d453db79200d55a3223,match,1.0,1.0,593,2016-11-28,Cox,Ryan,Ryan Alexander Cox,M,593,2016-11-28,Cox,Ryan,Ryan Alexander Cox,M,"{""birth_date"": 1.0, ""name"": 1.0, ""name_tftoken"": 1.0}",,,,
xwd:sha256:36d93d45706e3902e9186afaebbffd95350a78032a08009f7f7db9a8a2b280b7,match,1.0,1.0,619,2017-06-08,Reyes,William,William Andrew Reyes,M,619,2017-06-08,Reyes,William,William Andrew Reyes,M,"{""birth_date"": 1.0, ""name"": 1.0, ""name_tftoken"": 1.0}",,,,
xwd:sha256:90a0d4d7e3d76beac2628ed6fab80689ea46023a03b8a74c524de53aa70ab680,match,1.0,1.0,621,2017-03-22,Coleman,Matthew,Matthew Ryan Coleman,M,621,2017-03-22,Coleman,Matthew,Matthew Ryan Coleman,M,"{""birth_date"": 1.0, ""name"": 1.0, ""name_tftoken"": 1.0}",,,,
xwd:sha256:d7bc585b6cb7ae1c49d9383cb12c463f443793ad736dfab112c98b130c91ded3,match,1.0,1.0,626,2019-06-12,Sullivan,Charles,Charles Joseph Sullivan,,626,2019-06-12,Sullivan,Charles,Charles Joseph Sullivan,M,"{""birth_date"": 1.0, ""name"": 1.0, ""name_tftoken"": 1.0}",,,,
xwd:sha256:d65854ec6b70b44c50c56f4e045bd4627ba5bc7b542c7ea09b051fce9f9da936,match,1.0,1.0,629,2018-10-24,Kim,William,William Joseph Kim,,629,2018-10-24,Kim,William,William Joseph Kim,M,"{""birth_date"": 1.0, ""name"": 1.0, ""name_tftoken"": 1.0}",,,,
xwd:sha256:e691ad9ca78315e0570ca292461d7d6f90c4fc3f0fa1f0cb3c7f25273bb859a2,match,1.0,1.0,635,2019-11-29,Cox,Joseph,Joseph Jonathan Cox,M,635,2019-11-29,Cox,Joseph,Joseph Jonathan Cox,M,"{""birth_date"": 1.0, ""name"": 1.0, ""name_tftoken"": 1.0}",,,,
xwd:sha256:a98f2574ee8e420dbd8091154a920e5c6a1eae7691a2a377bbca379e30ad1100,match,1.0,1.0,637,2018-09-09,Brown,Kevin,Kevin Paul Brown,M,637,2018-09-09,Brown,Kevin,Kevin Paul Brown,M,"{""birth_date"": 1.0, ""name"": 1.0, ""name_tftoken"": 1.0}",,,,
xwd:sha256:4fc52e5a19d1319717044652e04ac965e8738974a01fddb1a9781236cf54df52,match,1.0,1.0,638,2020-07-24,Green,Brandon,Brandon Anthony Green,M,638,2020-07-24,Green,Brandon,Brandon Anthony Green,M,"{""birth_date"": 1.0, ""name"": 1.0, ""name_tftoken"": 1.0}",,,,
xwd:sha256:48136c1e2d31b75933f1dc3408ad012f3a8d43a793c2ad80eca0eabdcfcc48d0,match,1.0,1.0,641,,Wood,Justin,Justin Patrick Wood,M,641,2017-11-12,Wood,Justin,Justin Patrick Wood,M,"{""name"": 1.0, ""name_tftoken"": 1.0}",,,,
xwd:sha256:b7342de4968a619c5f19a298943709afa15cda7751d0312df0bdd2985f9890d6,match,1.0,1.0,657,2018-03-16,Thompson,Jacob,Jacob Timothy Thompson,M,657,2018-03-16,Thompson,Jacob,Jacob Timothy Thompson,M,"{""birth_date"": 1.0, ""name"": 1.0, ""name_tftoken"": 1.0}",,,,
xwd:sha256:54e658dd28651c669f1238fd2c0ed8b11b8d4349c640ad7cab0d86d129ae212b,match,1.0,1.0,660,2019-09-06,Wright,Alexander,Alexander David Wright,M,660,2019-09-06,Wright,Alexander,Alexander David Wright,M,"{""birth_date"": 1.0, ""name"": 1.0, ""name_tftoken"": 1.0}",,,,
xwd:sha256:f27978d32c1c36c1878ed7ce9e2dd40e9213f48aa3a514d3c98898a9dc058334,match,1.0,1.0,661,2018-05-12,Hernandez,Benjamin,Benjamin Tyler Hernandez,M,661,2018-05-12,Hernandez,Benjamin,Benjamin Tyler Hernandez,M,"{""birth_date"": 1.0, ""name"": 1.0, ""name_tftoken"": 1.0}",,,,
xwd:sha256:fc209566cd1c912ebfd9df6a26af934bdc7b0c0f349a459aa4c9b283bcc0094e,match,1.0,1.0,666,2020-12-28,White,Kevin,Kevin Jacob White,M,666,2020-12-28,White,Kevin,Kevin Jacob White,M,"{""birth_date"": 1.0, ""name"": 1.0, ""name_tftoken"": 1.0}",,,,
xwd:sha256:834ab50ca8cc7b8b474d30668418e92d138b3c3d4747a146cb41f1e5ebd29b30,match,1.0,1.0,680,2018-08-25,Zhang,Tao,Tao Wei Zhang,M,680,2018-08-25,Zhang,Tao,Tao Wei Zhang,M,"{""birth_date"": 1.0, ""name"": 1.0, ""name_tftoken"": 1.0}",,,,
xwd:sha256:28ec3618f75d8975d9d2572e2fd69540c7e1f1c81915d2bd1cb5b33ecd500aa8,match,1.0,1.0,681,2019-02-07,Ito,Shinichi,Shinichi Nakamura Ito,M,681,2019-02-07,Ito,Shinichi,Shinichi Nakamura Ito,M,"{""birth_date"": 1.0, ""name"": 1.0, ""name_tftoken"": 1.0}",,,,
xwd:sha256:483e4ff68e2d49e6beb1c943fcfa05ade40980eb7346931c9963ddcee3aa9b10,match,1.0,1.0,690,2016-09-15,Kim,Seunghee,Seunghee Lee Kim,M,690,2016-09-15,Kim,Seunghee,Seunghee Lee Kim,M,"{""birth_date"": 1.0, ""name"": 1.0, ""name_tftoken"": 1.0}",,,,
xwd:sha256:9b468dd857e50d09df6031822a40583c08b01ba36bfb172d346b991f9201ce1f,match,1.0,1.0,692,2019-11-04,Matsuda,Yuki,Yuki Suki Matsuda,F,692,2019-11-04,Matsuda,Yuki,Yuki Suki Matsuda,F,"{""birth_date"": 1.0, ""name"": 1.0, ""name_tftoken"": 1.0}",,,,
xwd:sha256:c7799be783ef09b6f585ac22a716869855e80f889d473383f6e60660bde73ec3,match,1.0,1.0,695,2018-06-27,Liu,Zhang,Zhang Jun Liu,M,695,2018-06-27,Liu,Zhang,Zhang Jun Liu,M,"{""birth_date"": 1.0, ""name"": 1.0, ""name_tftoken"": 1.0}",,,,
xwd:sha256:e5711c319b06efaf9365fc63df24af972d2d9e409468efea7628b456f21e51c2,match,1.0,1.0,698,2017-11-22,Tanaka,Hanae,Hanae So Tanaka,F,698,2017-11-22,Tanaka,Hanae,Hanae So Tanaka,F,"{""birth_date"": 1.0, ""name"": 1.0, ""name_tftoken"": 1.0}",,,,
xwd:sha256:f6ff0c720cdc5e3eac1423106ff73bce95e52b12021ce647c2c479648d5d381f,match,1.0,1.0,707,2019-09-20,Lopez,Lucia,Lucia Raquel Lopez,F,707,2019-09-20,Lopez,Lucia,Lucia Raquel Lopez,F,"{""birth_date"": 1.0, ""name"": 1.0, ""name_tftoken"": 1.0}",,,,
xwd:sha256:c8921dd9166815453c0f3804a6c9a811afcf74ed0ab5b17ad1c195dd34225043,match,1.0,1.0,709,2018-08-12,Ortiz,Gloria,Gloria Beatriz Ortiz,F,709,2018-08-12,Ortiz,Gloria,Gloria Beatriz Ortiz,F,"{""birth_date"": 1.0, ""name"": 1.0, ""name_tftoken"": 1.0}",,,,
xwd:sha256:7045e078d7b4c4c025bcd873e0b81f36c8f1dfea5c14670f4a4d7389f6a0efd3,match,1.0,1.0,717,2019-09-30,Gonzalez,Ximena,Ximena Guadalupe Gonzalez,F,717,2019-09-30,Gonzalez,Ximena,Ximena Guadalupe Gonzalez,F,"{""birth_date"": 1.0, ""name"": 1.0, ""name_tftoken"": 1.0}",,,,
xwd:sha256:065fef7e8deb330601206568b44b05202eb51fec108ccc14c2caf7e558165f83,match,1.0,1.0,718,2018-06-17,Pacheco,Lorena,Lorena Patricia Pacheco,F,718,2018-06-17,Pacheco,Lorena,Lorena Patricia Pacheco,F,"{""birth_date"": 1.0, ""name"": 1.0, ""name_tftoken"": 1.0}",,,,
xwd:sha256:ac55849f2d58ea7a237e1d2366aaa90a9c6d9f0ea16b6cd4d51a67a3515836a1,match,1.0,1.0,721,2016-03-31,Navarro,Ana,Ana Cecilia Navarro,F,721,2016-03-31,Navarro,Ana,Ana Cecilia Navarro,F,"{""birth_date"": 1.0, ""name"": 1.0, ""name_tftoken"": 1.0}",,,,
xwd:sha256:0d0ecc72abbfc3cb5c5eb368d86190386fea8160b740dea98e4a65046f0b56dd,match,1.0,1.0,722,2019-07-25,Velazquez,Isadora,Isadora Renata Velazquez,F,722,2019-07-25,Velazquez,Isadora,Isadora Renata Velazquez,F,"{""birth_date"": 1.0, ""name"": 1.0, ""name_tftoken"": 1.0}",,,,
xwd:sha256:0581b0f72633ae3d43189eb38b69b5742eb62a5e12b36589ff797ce45d509e03,match,1.0,1.0,726,2016-06-11,Fuentes,Sofia,Sofia Esperanza Fuentes,F,726,2016-06-11,Fuentes,Sofia,Sofia Esperanza Fuentes,F,"{""birth_date"": 1.0, ""name"": 1.0, ""name_tftoken"": 1.0}",,,,
xwd:sha256:7d5b328991e11c462d2dc5faafe8738bf89ae4cb412c5cda6b5c5a56088ebf71,match,1.0,1.0,729,2019-03-09,Aguilar,Anabel,Anabel Lourdes Aguilar,F,729,2019-03-09,Aguilar,Anabel,Anabel Lourdes Aguilar,F,"{""birth_date"": 1.0, ""name"": 1.0, ""name_tftoken"": 1.0}",,,,
xwd:sha256:c2a7c89dd23eedbb83bd868cb49e75aeef462c6d418ecb892c016995333a6a50,match,1.0,1.0,751,2020-10-15,Roman,Daniela,Daniela Gabriela Roman,F,751,2020-10-15,Roman,Daniela,Daniela Gabriela Roman,F,"{""birth_date"": 1.0, ""name"": 1.0, ""name_tftoken"": 1.0}",,,,
xwd:sha256:78956637bc4c30eefff6820e2917aee4bc22ebc92e7c11b3faced8c89f7c3d98,match,1.0,1.0,753,2018-07-08,Velasco,Andrea,Andrea Yaretzi Velasco,F,753,2018-07-08,Velasco,Andrea,Andrea Yaretzi Velasco,F,"{""birth_date"": 1.0, ""name"": 1.0, ""name_tftoken"": 1.0}",,,,
xwd:sha256:25acfd9c75daae16cd4d462bdd4a54f9285ed50f1dbc3c13ef2ed474861be642,match,1.0,1.0,755,2017-04-07,Moreno,Gloria,Gloria Xochitl Moreno,F,755,2017-04-07,Moreno,Gloria,Gloria Xochitl Moreno,F,"{""birth_date"": 1.0, ""name"": 1.0, ""name_tftoken"": 1.0}",,,,
xwd:sha256:f972a275f73858dc4b34ff8a1d98b4ec3296db8f0a95c0fbc4711358b137b5b1,match,1.0,1.0,756,2016-12-10,Sepulveda,Emilia,Emilia Ivonne Sepulveda,F,756,2016-12-10,Sepulveda,Emilia,Emilia Ivonne Sepulveda,F,"{""birth_date"": 1.0, ""name"": 1.0, ""name_tftoken"": 1.0}",,,,
xwd:sha256:494972312d2b6389356d3493455ba87ef7b6323f9c2576e121c007c75a5ee5ca,match,1.0,1.0,772,2020-10-16,Barrera,Marisol,Marisol Esther Barrera,F,772,2020-10-16,Barrera,Marisol,Marisol Esther Barrera,F,"{""birth_date"": 1.0, ""name"": 1.0, ""name_tftoken"": 1.0}",,,,
xwd:sha256:e8a204312824d8b68b9e80bc7851a74b41f789cc710fa0287d1d891338d6991b,match,1.0,1.0,774,2018-07-31,Valenzuela,Priscila,Priscila Ana Valenzuela,F,774,2018-07-31,Valenzuela,Priscila,Priscila Ana Valenzuela,F,"{""birth_date"": 1.0, ""name"": 1.0, ""name_tftoken"": 1.0}",,,,
xwd:sha256:e2387183cedf4146b3c2d3e4bed9408ad461d6910f4970eef1c6fe71e84a5363,match,1.0,1.0,776,2017-11-04,Valencia,Leticia,Leticia Itzel Valencia,F,776,2017-11-04,Valencia,Leticia,Leticia Itzel Valencia,F,"{""birth_date"": 1.0, ""name"": 1.0, ""name_tftoken"": 1.0}",,,,
xwd:sha256:9aaf372663080e1c5f1604cfef7d03503788b701c0c8dda5482e163e282de1a7,match,1.0,1.0,793,2019-06-27,Perez,Alejandro,Alejandro Jose Perez,M,793,2019-06-27,Perez,Alejandro,Alejandro Jose Perez,M,"{""birth_date"": 1.0, ""name"": 1.0, ""name_tftoken"": 1.0}",,,,
xwd:sha256:777cebe592066d12413b86742dfb39675cfdd59330b98ecc500e6a536fca6f80,match,1.0,1.0,796,2017-12-17,Torres,Ricardo,Ricardo Daniel Torres,M,796,2017-12-17,Torres,Ricardo,Ricardo Daniel Torres,M,"{""birth_date"": 1.0, ""name"": 1.0, ""name_tftoken"": 1.0}",,,,
xwd:sha256:bdebdc3957fdb080c8494c7c45ab8bab8f6492062ab23f28cfe03e79b524e0c4,match,1.0,1.0,801,2020-04-02,Gonzalez,Jose,Jose Eduardo Gonzalez,M,801,2020-04-02,Gonzalez,Jose,Jose Eduardo Gonzalez,M,"{""birth_date"": 1.0, ""name"": 1.0, ""name_tftoken"": 1.0}",,,,
xwd:sha256:51fad62647ce0a8675c3e2cc855786277b8d8bbd630fc2b993a28881e647e5e9,match,1.0,1.0,803,2018-07-22,Diaz,Francisco,Francisco Javier Diaz,M,803,2018-07-22,Diaz,Francisco,Francisco Javier Diaz,M,"{""birth_date"": 1.0, ""name"": 1.0, ""name_tftoken"": 1.0}",,,,
xwd:sha256:e470d19ac2cf50bf6c9ff781a3d20bdeba1353c96ef2c06f6592775e3da2acf8,match,1.0,1.0,804,2019-12-14,Hernandez,Juan,Juan Pablo Hernandez,M,804,2019-12-14,Hernandez,Juan,Juan Pablo Hernandez,M,"{""birth_date"": 1.0, ""name"": 1.0, ""name_tftoken"": 1.0}",,,,
xwd:sha256:3729cb45c612db39c60aa48906876b858d39241547fc4209a5b91de1930cdf73,match,1.0,1.0,805,2016-03-28,Martinez,Manuel,Manuel Alejandro Martinez,M,805,2016-03-28,Martinez,Manuel,Manuel Alejandro Martinez,M,"{""birth_date"": 1.0, ""name"": 1.0, ""name_tftoken"": 1.0}",,,,
xwd:sha256:ccd3ccd043416aa5a6977d2e4269277eaf20cf38b2918992ed7582693161eb29,match,1.0,1.0,813,2020-06-06,Ramirez,Pedro,Pedro Pablo Ramirez,M,813,2020-06-06,Ramirez,Pedro,Pedro Pablo Ramirez,M,"{""birth_date"": 1.0, ""name"": 1.0, ""name_tftoken"": 1.0}",,,,
xwd:sha256:87e5504d15556d421c3bed577e2bbc00a5f81cd809da30dc1404e567ee7e95b2,match,1.0,1.0,818,2018-08-16,Gonzalez,Angel,Angel Luis Gonzalez,M,818,2018-08-16,Gonzalez,Angel,Angel Luis Gonzalez,M,"{""birth_date"": 1.0, ""name"": 1.0, ""name_tftoken"": 1.0}",,,,
xwd:sha256:6aef8633118d40b4773ef0195e6349df4d786ac04409efb02df3de815d71f5c5,match,1.0,1.0,819,2019-06-20,Ortiz,Victor,Victor Hugo Ortiz,M,819,2019-06-20,Ortiz,Victor,Victor Hugo Ortiz,M,"{""birth_date"": 1.0, ""name"": 1.0, ""name_tftoken"": 1.0}",,,,
xwd:sha256:1eba98fb8423876bec3ad7018441db1cc5af54758e73e9d65439ff10bb4455dc,match,1.0,1.0,821,2017-03-01,Rodriguez,Gabriel,Gabriel Eduardo Rodriguez,M,821,2017-03-01,Rodriguez,Gabriel,Gabriel Eduardo Rodriguez,M,"{""birth_date"": 1.0, ""name"": 1.0, ""name_tftoken"": 1.0}",,,,
xwd:sha256:28a89b8ab3cc761559d8f82049c76d98fff544c5e2a08e9249b5937f563b4f43,match,1.0,1.0,826,2019-08-11,Ramos,Guillermo,Guillermo Antonio Ramos,M,826,2019-08-11,Ramos,Guillermo,Guillermo Antonio Ramos,M,"{""birth_date"": 1.0, ""name"": 1.0, ""name_tftoken"": 1.0}",,,,
xwd:sha256:388bcab7ffd2e6d038301f31d932d73b88b13989555734d4dbc2abef99e4d611,match,1.0,1.0,829,2018-07-28,Cruz,Hector,Hector David Cruz,M,829,2018-07-28,Cruz,Hector,Hector David Cruz,M,"{""birth_date"": 1.0, ""name"": 1.0, ""name_tftoken"": 1.0}",,,,
xwd:sha256:fa72fe1dcd3290b9e82309f971bdcc495e9056bc328d8a7ede964f197c8f707a,match,1.0,1.0,830,2019-12-21,Rodriguez,Ricardo,Ricardo Jose Rodriguez,M,830,2019-12-21,Rodriguez,Ricardo,Ricardo Jose Rodriguez,M,"{""birth_date"": 1.0, ""name"": 1.0, ""name_tftoken"": 1.0}",,,,
xwd:sha256:885d4460946e8fc6d73c77d2be195f313cb1042465d8df3ac698ef7db965f2e0,match,1.0,1.0,832,2020-11-26,Flores,Juan,Juan Antonio Flores,M,832,2020-11-26,Flores,Juan,Juan Antonio Flores,M,"{""birth_date"": 1.0, ""name"": 1.0, ""name_tftoken"": 1.0}",,,,
xwd:sha256:96cc6f43571fb20e3118b794b611fd711613a5309c5a7e85c1ad864f23caff41,match,1.0,1.0,834,2016-08-04,Gonzalez,Luis,Luis Enrique Gonzalez,M,834,2016-08-04,Gonzalez,Luis,Luis Enrique Gonzalez,M,"{""birth_date"": 1.0, ""name"": 1.0, ""name_tftoken"": 1.0}",,,,
xwd:sha256:980a35e034b84cde2a219f79a5243b3512a8879962d20bab72a1588223205f9e,match,1.0,1.0,837,2018-01-17,Ramirez,Javier,Javier Arturo Ramirez,M,837,2018-01-17,Ramirez,Javier,Javier Arturo Ramirez,M,"{""birth_date"": 1.0, ""name"": 1.0, ""name_tftoken"": 1.0}",,,,
xwd:sha256:ce5744bda1059bedbdb57ac06d36e6844db1f36429c2166167b2cc25f23ddd3f,match,1.0,1.0,838,2018-12-06,Hernandez,Roberto,Roberto Antonio Hernandez,M,838,2018-12-06,Hernandez,Roberto,Roberto Antonio Hernandez,M,"{""birth_date"": 1.0, ""name"": 1.0, ""name_tftoken"": 1.0}",,,,
xwd:sha256:ccda101a9bd6262f9b6982ecef010fa20ba7e00ffabdc959bc751593ce38832f,match,1.0,1.0,844,2018-08-25,Chavez,Juan,Juan Carlos Chavez,M,844,2018-08-25,Chavez,Juan,Juan Carlos Chavez,M,"{""birth_date"": 1.0, ""name"": 1.0, ""name_tftoken"": 1.0}",,,,
xwd:sha256:f438261f750c755751f94e8b07a8b788946fe1b83544b190f4375b7006cc14ef,match,1.0,1.0,851,2017-06-13,Sanchez,Miguel,Miguel Angel Sanchez,M,851,2017-06-13,Sanchez,Miguel,Miguel Angel Sanchez,M,"{""birth_date"": 1.0, ""name"": 1.0, ""name_tftoken"": 1.0}",,,,
xwd:sha256:e51e56fb504f2eaea39e958b1e2c73a48e91ac30ab3acbd39b95a7cee9af621f,match,1.0,1.0,862,2019-06-28,Ortiz,Andres,Andres Eduardo Ortiz,,862,2019-06-28,Ortiz,Andres,Andres Eduardo Ortiz,M,"{""birth_date"": 1.0, ""name"": 1.0, ""name_tftoken"": 1.0}",,,,
xwd:sha256:1cedeaf2d60454493961f87a0c39c253180c80cfed49f053167401e08e3c3af0,match,1.0,1.0,869,2018-05-05,Ortiz,Ricardo,Ricardo Gabriel Ortiz,M,869,2018-05-05,Ortiz,Ricardo,Ricardo Gabriel Ortiz,M,"{""birth_date"": 1.0, ""name"": 1.0, ""name_tftoken"": 1.0}",,,,
xwd:sha256:4bf32e3af72561fd09bc13b8631975079d4e9a9bdf35acf84e5a34c048b97ff5,match,1.0,1.0,873,2019-02-18,Chavez,Juan,Juan Carlos Chavez,M,873,2019-02-18,Chavez,Juan,Juan Carlos Chavez,M,"{""birth_date"": 1.0, ""name"": 1.0, ""name_tftoken"": 1.0}",,,,
xwd:sha256:9b759dc9570ea3c3ad3d9b6291a8e12ea73f10488a7b3e41c9872c6c4018bd63,match,1.0,1.0,876,2017-08-30,Gonzalez,Angel,Angel Luis Gonzalez,M,876,2017-08-30,Gonzalez,Angel,Angel Luis Gonzalez,M,"{""birth_date"": 1.0, ""name"": 1.0, ""name_tftoken"": 1.0}",,,,
xwd:sha256:ea2ba2060e4f4721232b90daf80f1d392a54ad69680b7dcc62ef3473b2aa9a18,match,1.0,1.0,879,2019-03-24,Rodriguez,Gabriel,Gabriel Eduardo Rodriguez,M,879,2019-03-24,Rodriguez,Gabriel,Gabriel Eduardo Rodriguez,M,"{""birth_date"": 1.0, ""name"": 1.0, ""name_tftoken"": 1.0}",,,,
xwd:sha256:4a23ff244b0bfc8a6706b18ea05828dc1632796f52a36a2144f74ecb7a090af1,match,1.0,1.0,880,2017-05-12,Sanchez,Miguel,Miguel Angel Sanchez,M,880,2017-05-12,Sanchez,Miguel,Miguel Angel Sanchez,M,"{""birth_date"": 1.0, ""name"": 1.0, ""name_tftoken"": 1.0}",,,,
xwd:sha256:fed26ab1c9f7e3e2a083aa9d46baa036b77fc97520435f87caf057d422b295ba,match,1.0,1.0,886,2017-02-21,Alvarez,Jose,Jose Ramon Alvarez,M,886,2017-02-21,Alvarez,Jose,Jose Ramon Alvarez,M,"{""birth_date"": 1.0, ""name"": 1.0, ""name_tftoken"": 1.0}",,,,
xwd:sha256:16c7489f1a3766395d0b2d26927ce1f295798317d29d47b05beb4b8220c724e0,match,1.0,1.0,888,2017-08-24,Alsaud,Rana,Rana Mariam Alsaud,F,888,2017-08-24,Alsaud,Rana,Rana Mariam Alsaud,F,"{""birth_date"": 1.0, ""name"": 1.0, ""name_tftoken"": 1.0}",,,,
xwd:sha256:d96824e1fcb1235aaa17a5038d647a86fadf8138734f94d125f18b2f53861743,match,1.0,1.0,891,2017-04-19,Almasri,Zahra,Zahra Amira Almasri,F,891,2017-04-19,Almasri,Zahra,Zahra Amira Almasri,F,"{""birth_date"": 1.0, ""name"": 1.0, ""name_tftoken"": 1.0}",,,,
xwd:sha256:c155618e7674bed71156a78476862d0276f788bf744f07ebbc2b774bb18d0afe,match,1.0,1.0,896,2017-06-11,Almahmoud,Rasha,Rasha Noor Almahmoud,F,896,2017-06-11,Almahmoud,Rasha,Rasha Noor Almahmoud,F,"{""birth_date"": 1.0, ""name"": 1.0, ""name_tftoken"": 1.0}",,,,
xwd:sha256:10f711bb362fe0b1a437561f64671fe82612ef62a1f9963733fe4fc3b99b8d2a,match,1.0,1.0,902,2016-10-12,Almousa,Sanaa,Sanaa Saida Almousa,F,902,2016-10-12,Almousa,Sanaa,Sanaa Saida Almousa,F,"{""birth_date"": 1.0, ""name"": 1.0, ""name_tftoken"": 1.0}",,,,
xwd:sha256:0e077327a89cb7a4ca24b3e92d558f4b65f0b19eef331887d17ce920b81727a8,match,1.0,1.0,906,2020-11-26,Alabadi,Salma,Salma Aisha Alabadi,,906,2020-11-26,Alabadi,Salma,Salma Aisha Alabadi,F,"{""birth_date"": 1.0, ""name"": 1.0, ""name_tftoken"": 1.0}",,,,
xwd:sha256:b8612cf1a75334fa53300c466dfd242464849f3aae9d9bb97ffd34d394d6753b,match,1.0,1.0,919,2018-12-30,Almansour,Nizar,Nizar Tawfiq Almansour,M,919,2018-12-30,Almansour,Nizar,Nizar Tawfiq Almansour,M,"{""birth_date"": 1.0, ""name"": 1.0, ""name_tftoken"": 1.0}",,,,
xwd:sha256:6288d0a44651af5af03a4e50e456084b38e7965e268f221dc3459b65e94efbc6,match,1.0,1.0,920,2017-01-25,Alhashimi,Adnan,Adnan Raed Alhashimi,M,920,2017-01-25,Alhashimi,Adnan,Adnan Raed Alhashimi,M,"{""birth_date"": 1.0, ""name"": 1.0, ""name_tftoken"": 1.0}",,,,
xwd:sha256:36724a7b478c87b37ae3cefd77e599e23e15e1f6ab797c0095bfbf02591dd5f3,match,1.0,1.0,922,2018-06-27,Alattar,Zaid,Zaid Omar Alattar,M,922,2018-06-27,Alattar,Zaid,Zaid Omar Alattar,M,"{""birth_date"": 1.0, ""name"": 1.0, ""name_tftoken"": 1.0}",,,,
xwd:sha256:98bda67df72f67df98bced1c545f0884d196b88397767a49ccf389ebd1ec598f,match,1.0,1.0,932,2019-08-09,Kim,Emma,Emma Louise Kim,F,932,2019-08-09,Kim,Emma,Emma Louise Kim,F,"{""birth_date"": 1.0, ""name"": 1.0, ""name_tftoken"": 1.0}",,,,
xwd:sha256:a00bf5cd9a4193b110e940c8435291d962b1f4efce7482bfd36bda828a3a5de4,match,1.0,1.0,933,2017-02-08,Smith,Charlotte,Charlotte Anne Smith,F,933,2017-02-08,Smith,Charlotte,Charlotte Anne Smith,F,"{""birth_date"": 1.0, ""name"": 1.0, ""name_tftoken"": 1.0}",,,,
xwd:sha256:9eb4739cd901c466c3015802bcccdcdd41daf2b0eea5bf83a7b49e15de5fa8bf,match,1.0,1.0,937,2018-07-19,Brown,Evelyn,Evelyn Paige Brown,F,937,2018-07-19,Brown,Evelyn,Evelyn Paige Brown,F,"{""birth_date"": 1.0, ""name"": 1.0, ""name_tftoken"": 1.0}",,,,
xwd:sha256:e00d0fbe05263e25349920c01bcb94436a2e2eb7b5b4f4d776d79a75f121d20f,match,1.0,1.0,950,2020-11-05,Martinez,Grace,Grace Elizabeth Martinez,F,950,2020-11-05,Martinez,Grace,Grace Elizabeth Martinez,F,"{""birth_date"": 1.0, ""name"": 1.0, ""name_tftoken"": 1.0}",,,,
xwd:sha256:914f4e59e3455aa4d2186ef00b1923372ca042b0cfe75edf2b9c375623faa2cb,match,1.0,1.0,952,2018-12-10,Turner,Harper,Harper Marie Turner,F,952,2018-12-10,Turner,Harper,Harper Marie Turner,F,"{""birth_date"": 1.0, ""name"": 1.0, ""name_tftoken"": 1.0}",,,,
xwd:sha256:31f0f73f6a9ccf3abed1e2b4f0ecf05e77906bf9629d4e62c830e5c635478c8d,match,1.0,1.0,955,2016-10-28,White,Hazel,Hazel Olivia White,F,955,2016-10-28,White,Hazel,Hazel Olivia White,F,"{""birth_date"": 1.0, ""name"": 1.0, ""name_tftoken"": 1.0}",,,,
xwd:sha256:50ab6d93e368566aad247e0a3d9a4468ce67ee1b51bd68b23b831cdb37565b95,match,1.0,1.0,956,2018-06-30,Jackson,Layla,Layla Rose Jackson,F,956,2018-06-30,Jackson,Layla,Layla Rose Jackson,F,"{""birth_date"": 1.0, ""name"": 1.0, ""name_tftoken"": 1.0}",,,,
xwd:sha256:1f1076a909ebc148cbc701e81e5abe73995b4c72aaccfba2b4dcf53b0186d13a,match,1.0,1.0,972,2020-08-20,Garcia,Matthew,Matthew David Garcia,M,972,2020-08-20,Garcia,Matthew,Matthew David Garcia,M,"{""birth_date"": 1.0, ""name"": 1.0, ""name_tftoken"": 1.0}",,,,
xwd:sha256:42620c9fd2861877a42f6eafcaba7bba0200efc021d73a74afba20f78d0ac5be,match,1.0,1.0,973,2017-02-19,Martinez,Christopher,Christopher John Martinez,M,973,2017-02-19,Martinez,Christopher,Christopher John Martinez,M,"{""birth_date"": 1.0, ""name"": 1.0, ""name_tftoken"": 1.0}",,,,
xwd:sha256:d7e657e888d7a5e1f34b6a96e3b0d279e319db0c7d21475867be97db216333f8,match,1.0,1.0,975,2016-03-01,Clark,Noah,Noah Samuel Clark,M,975,2016-03-01,Clark,Noah,Noah Samuel Clark,M,"{""birth_date"": 1.0, ""name"": 1.0, ""name_tftoken"": 1.0}",,,,
xwd:sha256:ba03e7ec817f189790c62db0623836f1c0c57115e470f3c4d8115a1a0a00177d,match,1.0,1.0,978,2017-01-29,Smith,Isaac,Isaac Benjamin Smith,M,978,2017-01-29,Smith,Isaac,Isaac Benjamin Smith,M,"{""birth_date"": 1.0, ""name"": 1.0, ""name_tftoken"": 1.0}",,,,
xwd:sha256:b1c7165c1f627301ff1670c2202a8a344b51728c157e99375e8795393d48d4ac,match,1.0,1.0,982,2017-12-16,Turner,Owen,Owen Christopher Turner,M,982,2017-12-16,Turner,Owen,Owen Christopher Turner,M,"{""birth_date"": 1.0, ""name"": 1.0, ""name_tftoken"": 1.0}",,,,
xwd:sha256:bb3bb4f690812261eff3cf0cdcf91947352431228568c56bf1c9351d3f932663,match,1.0,1.0,983,2020-05-18,White,Caleb,Caleb Joshua White,M,983,2020-05-18,White,Caleb,Caleb Joshua White,M,"{""birth_date"": 1.0, ""name"": 1.0, ""name_tftoken"": 1.0}",,,,
xwd:sha256:635c5191bd8de26889822e45077e4bb5b83668aca9f5a656b775fb624e280f03,match,1.0,1.0,990,2020-11-26,Garcia,Andrew,Andrew Matthew Garcia,M,990,2020-11-26,Garcia,Andrew,Andrew Matthew Garcia,M,"{""birth_date"": 1.0, ""name"": 1.0, ""name_tftoken"": 1.0}",,,,
xwd:sha256:d4a1189f63a542f7500133383669ad847ff99732c74e8c4f736d43753a3e024d,match,1.0,1.0,995,2016-10-15,Anderson,James,James Thomas Anderson,,995,2016-10-15,Anderson,James,James Thomas Anderson,M,"{""birth_date"": 1.0, ""name"": 1.0, ""name_tftoken"": 1.0}",,,,
xwd:sha256:c6a5224f091ba9494c198de0c5abd58609233b864b4190b70b83e190988a4358,match,1.0,1.0,996,2018-06-17,Perez,Joseph,Joseph Matthew Perez,,996,2018-06-17,Perez,Joseph,Joseph Matthew Perez,M,"{""birth_date"": 1.0, ""name"": 1.0, ""name_tftoken"": 1.0}",,,,
xwd:sha256:debb15f1cac189c1bc87afadc8d2af39d6d5fbe86125e31b08ca6a7a9bef28c3,match,1.0,1.0,999,2019-04-09,Kim,David,David Paul Kim,M,999,2019-04-09,Kim,David,David Paul Kim,M,"{""birth_date"": 1.0, ""name"": 1.0, ""name_tftoken"": 1.0}",,,,
xwd:sha256:efc19dfa21e45b48ac44dd220bb3eea120759ff85ce31f9bcaa898b9145d151a,match,0.8445,0.8,352,2016-11-30,Lee,Arianna,Arianna Lee,F,352,2016-11-30,Lee,Arianna,Arianna Marie Lee,F,"{""birth_date"": 1.0, ""name"": 0.8, ""name_tftoken"": 0.734}",,,,
xwd:sha256:a97cc6df165c52de662a23d85390812acedcc46ae193d696735fabf750164222,match,0.8423,0.8,146,2019-06-21,Cook,Rylan,Rylan Cook,M,146,2019-06-21,Cook,Rylan,Rylan Gabriel Cook,M,"{""birth_date"": 1.0, ""name"": 0.8, ""name_tftoken"": 0.727}",,,,
xwd:sha256:cac91fdf222e23fa404caddd6f82c1109b9f1574c39f61355d342f118a9154b9,match,0.8413,0.8,504,2016-09-22,Anderson,Blake,Blake Anderson,M,504,2016-09-22,Anderson,Blake,Blake Christopher Anderson,M,"{""birth_date"": 1.0, ""name"": 0.8, ""name_tftoken"": 0.724}",,,,
xwd:sha256:ea2d5d9b82e28de51decfef4dbb617560640fe0801b2e1141a3dcf594c3662fe,match,0.8392,0.8,616,2017-08-02,Ward,Eric,Eric Ward,M,616,2017-08-02,Ward,Eric,Eric James Ward,M,"{""birth_date"": 1.0, ""name"": 0.8, ""name_tftoken"": 0.718}",,,,
xwd:sha256:53cd370c4431935de458e51919a586e4a86e35408255a8264e8382a463e0e858,match,0.8391,0.8,150,2020-11-20,Davisscott,Logan,Logan Davisscott,M,150,2020-11-20,Davisscott,Logan,Logan Anthony Davisscott,M,"{""birth_date"": 1.0, ""name"": 0.8, ""name_tftoken"": 0.717}",,,,
xwd:sha256:9845330a0e8e983b979e6579c3e61ccb573a819653efc91aa6301da10ed62908,match,0.8384,0.8,615,2019-12-13,Cooper,Zachary,Zachary Cooper,M,615,2019-12-13,Cooper,Zachary,Zachary Matthew Cooper,M,"{""birth_date"": 1.0, ""name"": 0.8, ""name_tftoken"": 0.715}",,,,
xwd:sha256:4d8bfafd9a3f49b528c924b4e6f99fb23d868dd16357cb7d0356fdfa909d5800,match,0.8359,0.8,344,2020-11-10,Lee,Madelyn,Madelyn Lee,F,344,2020-11-10,Lee,Madelyn,Madelyn Elizabeth Lee,F,"{""birth_date"": 1.0, ""name"": 0.8, ""name_tftoken"": 0.708}",,,,
xwd:sha256:f785b0a6b0e52e2d26033c0e28b05e8123e8772a951391dc3fc805d495a1840c,match,0.8285,0.8,148,2018-12-28,Richardson,Drew,Drew Richardson,M,148,2018-12-28,Richardson,Drew,Drew Zachary Richardson,M,"{""birth_date"": 1.0, ""name"": 0.8, ""name_tftoken"": 0.685}",,,,
xwd:sha256:d17b611c3092343aa0e1be969c565aee2b47d3d8a35e049490a3085e82af706d,match,0.8283,0.8,165,2020-12-23,Hernandezcruz,Dakota,Dakota Hernandezcruz,F,165,2020-12-23,Hernandezcruz,Dakota,Dakota Maya Hernandezcruz,F,"{""birth_date"": 1.0, ""name"": 0.8, ""name_tftoken"": 0.685}",,,,
xwd:sha256:13378cf7044954081dbf6503958a228a4fc604d6b30d92749c3ce719519c19f6,match,0.8269,0.8,609,2018-09-30,Flores,Brandon,Brandon Flores,M,609,2018-09-30,Flores,Brandon,Brandon Anthony Flores,M,"{""birth_date"": 1.0, ""name"": 0.8, ""name_tftoken"": 0.681}",,,,
xwd:sha256:7c5e9abcc66b37d80b1bd5486426912fddb1789b6b0714a68952f1ea90b01749,match,0.8263,0.8,234,2016-07-08,Iaone,Kava,Kava Iaone,F,234,2016-07-08,Iaone,Kava,Kava Taula Iaone,F,"{""birth_date"": 1.0, ""name"": 0.8, ""name_tftoken"": 0.679}",,,,
xwd:sha256:185ad965e068195f9adfe8d134e82be5f031f94aa8f771e9ab5056c4fcb2f93e,match,0.8222,0.8,23,2016-08-14,Chowdhury,Oliver,Oliver Chowdhury,M,23,2016-08-14,Chowdhury,Oliver,Oliver Rafael Chowdhury,M,"{""birth_date"": 1.0, ""name"": 0.8, ""name_tftoken"": 0.667}",,,,
xwd:sha256:037c8605ea39276f4040ec59260de9861a7248125d4a0e803b12f2236c6ec541,match,0.8217,0.8,156,2019-04-25,Morris,Spencer,Spencer Morris,,156,2019-04-25,Morris,Spencer,Spencer Owen Morris,M,"{""birth_date"": 1.0, ""name"": 0.8, ""name_tftoken"": 0.665}",,,,
xwd:sha256:7c98e792c951cf80578b86727bf4776241eb2ce4a4a1683fe43da5b878abae88,match,0.8187,0.8,24,2018-10-15,Cohen,Fatima,Fatima Cohen,F,24,2018-10-15,Cohen,Fatima,Fatima Tala Cohen,F,"{""birth_date"": 1.0, ""name"": 0.8, ""name_tftoken"": 0.656}",,,,
xwd:sha256:613b16d1ce442dc07099e88b46d38d3a37de37c1e09fb2703c3d4b0eb4c7e628,match,0.8187,0.8,911,2017-12-17,Almasri,Karim,Karim Almasri,,911,2017-12-17,Almasri,Karim,Karim Samir Almasri,M,"{""birth_date"": 1.0, ""name"": 0.8, ""name_tftoken"": 0.656}",,,,
xwd:sha256:30cee5bc1e2ac1caff508893853c7c0f929dc1921b531e7c4f4d9dee5b84a4e6,match,0.8156,0.8,4,2018-07-17,Chan,Hiro,Hiro Chan,M,4,2018-07-17,Chan,Hiro,Hiro Nikita Chan,M,"{""birth_date"": 1.0, ""name"": 0.8, ""name_tftoken"": 0.647}",,,,
xwd:sha256:41e16cb25571ba736a604454be49f1b4df2a7bb782370403e5af56b2cdf4a84c,match,0.8156,0.8,70,2016-12-03,Smithjohnson,Anisa,Anisa Smithjohnson,F,70,2016-12-03,Smithjohnson,Anisa,Anisa Emir Smithjohnson,F,"{""birth_date"": 1.0, ""name"": 0.8, ""name_tftoken"": 0.647}",,,,
xwd:sha256:4046d4feead2879753fb008a7ab9cea3170e13b87aa6ad84a159a0b6e149c69d,match,0.8156,0.8,222,2016-05-06,Pou,Aroha,Aroha Pou,F,222,2016-05-06,Pou,Aroha,Aroha Hiriata Pou,F,"{""birth_date"": 1.0, ""name"": 0.8, ""name_tftoken"": 0.647}",,,,
xwd:sha256:b1aed976a1ac249ad19d44975da19962c8a93581257fab38cd4e9b50fba6c6f2,match,0.8156,0.8,224,2017-12-05,Amuia,Afa,Afa Amuia,F,224,2017-12-05,Amuia,Afa,Afa Anapu Amuia,F,"{""birth_date"": 1.0, ""name"": 0.8, ""name_tftoken"": 0.647}",,,,
xwd:sha256:6203580176e5c47feed8f3c5bff07dbcb74c99b055139a4162f28a2fe37b27bf,match,0.8156,0.8,233,2020-11-21,Katoa,Pasi,Pasi Katoa,M,233,2020-11-21,Katoa,Pasi,Pasi Vainetutai Katoa,M,"{""birth_date"": 1.0, ""name"": 0.8, ""name_tftoken"": 0.647}",,,,
xwd:sha256:6252ac8d42773068a592d8e865a082572cd877c8a41c6bf6ad53989eada2140a,match,0.813,0.8,8,2019-07-22,Smith,Joon,Joon Smith,M,8,2019-07-22,Smith,Joon,Joon Leila Smith,M,"{""birth_date"": 1.0, ""name"": 0.8, ""name_tftoken"": 0.639}",,,,
xwd:sha256:405bd9ca36c880b5d921be3f6694737431494c01a99e1157178d34bd8d09f3c6,match,0.812,0.8,88,2019-11-18,Satonakamura,Yusuf,Yusuf Satonakamura,M,88,2019-11-18,Satonakamura,Yusuf,Yusuf Radu Satonakamura,M,"{""birth_date"": 1.0, ""name"": 0.8, ""name_tftoken"": 0.636}",,,,
xwd:sha256:cdbd76ed078aafe03719579f2da3ff0937db6c4749791904dee74784722af9de,match,0.812,0.8,167,2017-02-06,Scottharris,Jamie,Jamie Scottharris,F,167,2017-02-06,Scottharris,Jamie,Jamie Gabrielle Scottharris,F,"{""birth_date"": 1.0, ""name"": 0.8, ""name_tftoken"": 0.636}",,,,
xwd:sha256:aa541ed13f02963a4f07d6b27457ab8a9dba3de5a6d8fccbdf6274bcb0ed1d4e,match,0.8118,0.8,610,2017-02-20,Clark,Daniel,Daniel Clark,M,610,2017-02-20,Clark,Daniel,Daniel Patrick Clark,M,"{""birth_date"": 1.0, ""name"": 0.8, ""name_tftoken"": 0.635}",,,,
xwd:sha256:7c9a1f699a7d28a975d60fe7a6298dc87441fe307f26c7eee2958b0cabedc6a0,match,0.8098,0.8,754,2019-01-09,Espinoza,Fernanda,Fernanda Espinoza,M,754,2019-01-09,Espinoza,Fernanda,Fernanda Marlene Espinoza,F,"{""birth_date"": 1.0, ""name"": 0.8, ""name_tftoken"": 0.629}",,,,
xwd:sha256:67beb27043315017fc2fbeba871363358ddf4ca0f63f62208f2691377e3a263a,match,0.8095,0.8,16,2020-04-04,Johnson,Emre,Emre Johnson,M,16,2020-04-04,Johnson,Emre,Emre Amalia Johnson,M,"{""birth_date"": 1.0, ""name"": 0.8, ""name_tftoken"": 0.628}",,,,
xwd:sha256:5433bbafeb530f8d0f50ecd954cd0c3324aa398d829676b96db1f7b2168bae6b,match,0.8037,0.8,9,2019-11-09,Gonzalez,Katarina,Katarina Gonzalez,F,9,2019-11-09,Gonzalez,Katarina,Katarina Wolfgang Gonzalez,F,"{""birth_date"": 1.0, ""name"": 0.8, ""name_tftoken"": 0.611}",,,,
xwd:sha256:aa81f3e0b067b26c6919d9f3c6253bc91967ad19bff39514f7344128517a568a,match,0.8019,0.8,391,2019-03-10,Kim,Lila,Lila Kim,F,391,2019-03-10,Kim,Lila,Lila Anne Kim,F,"{""birth_date"": 1.0, ""name"": 0.8, ""name_tftoken"": 0.606}",,,,
xwd:sha256:b3942698e82c181e94da5af8139cba82195eab3b793a677ab53db48a6f30c64d,match,0.7962,0.8,22,2017-02-02,Hernandez,Aliyah,Aliyah Hernandez,F,22,2017-02-02,Hernandez,Aliyah,Aliyah Alina Hernandez,F,"{""birth_date"": 1.0, ""name"": 0.8, ""name_tftoken"": 0.589}",,,,
xwd:sha256:e73d65ad3f71a3a16924062c80aba6a7703a17e5e0ace25aad468d4903e695fd,match,0.7938,0.8,671,2018-10-15,Park,Kim,Kim Park,F,671,2018-10-15,Park,Kim,Kim Minji Park,F,"{""birth_date"": 1.0, ""name"": 0.8, ""name_tftoken"": 0.581}",,,,
xwd:sha256:478d338ba2a7f1e633371583e812729bf55170793228cfbda4dd7e335cf8b4e8,match,0.7833,1.0,50,2017-01-01,Sato,Naima,Naima Hassan Sato,F,50,2016-12-31,Sato,Naima,Naima Hassan Sato,F,"{""birth_date"": 0.35, ""name"": 1.0, ""name_tftoken"": 1.0}",,,,
xwd:sha256:bc628d452d518fd146f0193539a6f003d8b425c6bbe890923f34a489cbf6b8d3,match,0.7833,1.0,217,2019-03-04,Falevai,Nukualofa,Nukualofa Sione Falevai,M,217,2019-06-04,Falevai,Nukualofa,Nukualofa Sione Falevai,M,"{""birth_date"": 0.35, ""name"": 1.0, ""name_tftoken"": 1.0}",,,,
xwd:sha256:97914bd0e01f04b5107cd6ea539a716b453e362ae478b74b4e95e6500c639724,match,0.7833,1.0,388,2020-01-01,Jackson,Zoey,Zoey Louise Jackson,F,388,2020-01-03,Jackson,Zoey,Zoey Louise Jackson,F,"{""birth_date"": 0.35, ""name"": 1.0, ""name_tftoken"": 1.0}",,,,
xwd:sha256:fa00ccd4d2c9f931304d9216c64fb380c6a5275369fb013957ba481988edad46,match,0.7833,1.0,397,2019-05-26,Williams,Aurora,Aurora Hope Williams,F,397,2019-06-26,Williams,Aurora,Aurora Hope Williams,F,"{""birth_date"": 0.35, ""name"": 1.0, ""name_tftoken"": 1.0}",,,,
xwd:sha256:2e2c0552d966e37afdcc0e1e18983da477997df19d09a554e9336577708349ec,match,0.7833,1.0,412,2018-11-19,Wright,Alaina,Alaina Rose Wright,F,412,2018-11-29,Wright,Alaina,Alaina Rose Wright,F,"{""birth_date"": 0.35, ""name"": 1.0, ""name_tftoken"": 1.0}",,,,
xwd:sha256:35f9b83595ece836708e4be52a40959c0ab6a2cbdeeaf7d299663e808726211b,match,0.7833,1.0,415,2015-03-09,Smith,Callie,Callie Marie Smith,F,415,2017-03-09,Smith,Callie,Callie Marie Smith,F,"{""birth_date"": 0.35, ""name"": 1.0, ""name_tftoken"": 1.0}",,,,
xwd:sha256:933afe655c531b12eb561d2803601f945d8e1973f0b10d868d5c779707a078ea,match,0.7833,1.0,822,2017-11-13,Sanchez,Miguel,Miguel Angel Sanchez,M,851,2017-06-13,Sanchez,Miguel,Miguel Angel Sanchez,M,"{""birth_date"": 0.35, ""name"": 1.0, ""name_tftoken"": 1.0}",,,,
xwd:sha256:0926d93b374af104759bbf98242f1087a562f43058efaf127db5ce57fb2b2178,match,0.7833,1.0,878,2016-10-23,Torres,Jorge,Jorge Antonio Torres,M,849,2016-02-23,Torres,Jorge,Jorge Antonio Torres,M,"{""birth_date"": 0.35, ""name"": 1.0, ""name_tftoken"": 1.0}",,,,
xwd:sha256:86690b919a760426f2fbf01572e3f83fe7c1e179fe9ee96049b77ed50c2523aa,match,0.7775,0.8,15,2016-04-16,Leelea,Nadia,Nadia Ravi Leelea,F,15,2016-04-16,Lee,Nadia,Nadia Ravi Lee,F,"{""birth_date"": 1.0, ""name"": 0.8, ""name_tftoken"": 0.532}",,,,
xwd:sha256:853353e80a0295d31651f0c57a2e52b147aa25322f8bb88dd3e8e919140f8a67,match,0.7735,0.8,633,2017-03-12,Henderson,Mike,Mike Timothy Henderson,M,633,2017-03-12,Henderson,Michael,Michael Timothy Henderson,M,"{""birth_date"": 1.0, ""name"": 0.8, ""name_tftoken"": 0.521}",,,,
xwd:sha256:234868f9cd527e8dd2dc00a2978709ff2d774226ca19fc90c19e9a716ea219d0,match,0.7698,0.8,976,2020-10-12,Nguyen,Nicholas,Nicholas A Nguyen,,976,2020-10-12,Nguyen,Nicholas,Nicholas Alexander Nguyen,M,"{""birth_date"": 1.0, ""name"": 0.8, ""name_tftoken"": 0.509}",,,,
xwd:sha256:5aa8b9295379f902d1a1335818df22f452c54f39934d350577daa556ccf29a4c,match,0.7689,0.8,775,2017-05-08,Guerrero,Gabby,Gabby Susana Guerrero,F,775,2017-05-08,Guerrero,Gabriela,Gabriela Susana Guerrero,F,"{""birth_date"": 1.0, ""name"": 0.8, ""name_tftoken"": 0.507}",,,,
xwd:sha256:01eac058907b4c1d481a0d1b19600d2f64fff562b13045383b8f243ad9fb0262,match,0.7688,0.8,423,2018-04-10,Johnsonlee,Isabelle,Isabelle Nicole Johnsonlee,F,423,2018-04-10,Johnson,Isabelle,Isabelle Nicole Johnson,F,"{""birth_date"": 1.0, ""name"": 0.8, ""name_tftoken"": 0.506}",,,,
xwd:sha256:506d3d6032dae1389120116c855c741d9a64c536fc2b564725685ba91a903672,match,0.768,0.8,264,2017-03-17,Scot,Tia,Tia Renee Scot,F,264,2017-03-17,Scott,Tia,Tia Renee Scott,F,"{""birth_date"": 1.0, ""name"": 0.8, ""name_tftoken"": 0.504}",,,,
xwd:sha256:130305576ca24ff906cc0b69379610c5bd7449086281c3696acd5c656ea10d26,match,0.7679,0.8,55,2019-06-12,Alimalik,Hanna,Hanna Karolina Alimalik,F,55,2019-06-12,Alimalik,Hana,Hana Karolina Alimalik,F,"{""birth_date"": 1.0, ""name"": 0.8, ""name_tftoken"": 0.504}",,,,
xwd:sha256:e74eca8ce4f7d3fd387fdbdeeee9d88e0843cd2af7e64bd8963e1ed5dc55c4e8,match,0.7667,0.8,52,2020-07-10,Ortizsantos,Kaya,Kaya S Ortizsantos,F,52,2020-07-10,Ortizsantos,Kaya,Kaya Sari Ortizsantos,F,"{""birth_date"": 1.0, ""name"": 0.8, ""name_tftoken"": 0.5}",,,,
xwd:sha256:ffea72ee355a65ed42d219330837d2776037c60cd60f81260bec692cd3b0e2a6,match,0.7617,0.8,484,2020-12-18,Adams,Jason,Jason A Adams,F,484,2020-12-18,Adams,Jason,Jason Aaron Adams,M,"{""birth_date"": 1.0, ""name"": 0.8, ""name_tftoken"": 0.485}",,,,
xwd:sha256:439ac3398399cd8ac954d56aeedf825d7a5195411ce9648fb1adba57656aa11e,match,0.7593,0.8,54,2016-10-17,Garciasanchez,Anton,Anton L Garciasanchez,M,54,2016-10-17,Garciasanchez,Anton,Anton Luiz Garciasanchez,M,"{""birth_date"": 1.0, ""name"": 0.8, ""name_tftoken"": 0.478}",,,,
xwd:sha256:f83d5567bc27815c4ee9c44fc4d0b86db5a936f1eefadb35850a70d2e4988d1e,match,0.7579,0.8,724,2020-02-02,Camacho,Rachel,Rachel Sofia Camacho,F,724,2020-02-02,Camacho,Raquel,Raquel Sofia Camacho,F,"{""birth_date"": 1.0, ""name"": 0.8, ""name_tftoken"": 0.474}",,,,
xwd:sha256:4cebb83c273c733555fd507a0085df9ecff6153b0ea6a08b78b221e73f311adc,match,0.7578,0.8,613,2019-06-27,Turner,Chris,Chris William Turner,M,613,2019-06-27,Turner,Christopher,Christopher William Turner,M,"{""birth_date"": 1.0, ""name"": 0.8, ""name_tftoken"": 0.473}",,,,
xwd:sha256:7fb1b73ebe3214e221ef616a0bf43a1b714cacef9a9316b33b2680678655d195,match,0.7572,0.8,852,2019-03-14,River,Carlos,Carlos Enrique River,M,852,2019-03-14,Rivera,Carlos,Carlos Enrique Rivera,M,"{""birth_date"": 1.0, ""name"": 0.8, ""name_tftoken"": 0.471}",,,,
xwd:sha256:46b991d6bb2fee788d11093ed002df4ec8b66907ddfabec8b1d713b1de3edb7e,match,0.7571,0.8,71,2020-07-28,Wong,Kai,Kai Solveig Wong,M,71,2020-07-28,Wongliu,Kai,Kai Solveig Wongliu,M,"{""birth_date"": 1.0, ""name"": 0.8, ""name_tftoken"": 0.471}",,,,
xwd:sha256:4a04ed4294b7cebe1a17e35c51f8f9630fa87ee089090037cf07ccc8008904ce,match,0.7571,0.8,198,2019-06-11,Johnsonhayes,Finley,Finley Julian Johnsonhayes,M,198,2019-06-11,Hayesjohnson,Finley,Finley Julian Hayesjohnson,M,"{""birth_date"": 1.0, ""name"": 0.8, ""name_tftoken"": 0.471}",,,,
xwd:sha256:7a2ca209a2d9074bf9f0cc3bf6d24e3be47831e1b1d860cdbb524406d102ce7e,match,0.7559,0.8,630,2019-07-13,Peterson,Matthew,Matthew Tye Peterson,M,630,2019-07-13,Peterson,Matthew,Matthew Tyler Peterson,M,"{""birth_date"": 1.0, ""name"": 0.8, ""name_tftoken"": 0.468}",,,,
xwd:sha256:c6ab9d653daaa76de56bc6561770d7c538f943235dea1e588a32f98afb33ef60,match,0.7554,0.8,213,2018-01-22,Hin,Vai,Vai Fale Hin,M,213,2018-01-22,Hine,Vai,Vai Fale Hine,M,"{""birth_date"": 1.0, ""name"": 0.8, ""name_tftoken"": 0.466}",,,,
xwd:sha256:e3b44250997aa6fedd65cc822d163c3f1c58018a9a153d7a004727ec51208909,match,0.7553,0.8,48,2017-03-19,Leekim,Camila,Camila N Leekim,F,48,2017-03-19,Leekim,Camila,Camila Nikolai Leekim,F,"{""birth_date"": 1.0, ""name"": 0.8, ""name_tftoken"": 0.466}",,,,
xwd:sha256:3f255c577cfe0aea470455c8f14c703e115e08b8bd8c6b3852d007cfeedbf7c6,match,0.7548,0.8,164,2018-03-11,Rodriguez,Hayden,Hayden Christopher Rodriguez,M,164,2018-03-11,Ramirezrodriguez,Hayden,Hayden Christopher Ramirezrodriguez,M,"{""birth_date"": 1.0, ""name"": 0.8, ""name_tftoken"": 0.464}",,,,
xwd:sha256:befca82d983db9058f86e0cd15533897af68436071d36f7936c9b01e2f9f97d8,match,0.7548,0.8,540,2016-09-02,Hall,Ty,Ty Anthony Hall,M,540,2016-09-02,Hall,Tyler,Tyler Anthony Hall,M,"{""birth_date"": 1.0, ""name"": 0.8, ""name_tftoken"": 0.465}",,,,
xwd:sha256:2f5ac9527db0a678d3dc7fda9ac5abb42c854fb3101573b17162bdd98cc0ae69,match,0.753,0.8,281,2018-02-22,Hill,Devni,Devni Isaiah Hill,M,281,2018-02-22,Hill,Devin,Devin Isaiah Hill,M,"{""birth_date"": 1.0, ""name"": 0.8, ""name_tftoken"": 0.459}",,,,
xwd:sha256:e2aae1b7800105bf2551ed200496da9be4d1e03b1b7d0e09da0cbc3e109a0466,match,0.7529,0.8,480,2016-09-16,Collins,Andie,Andie Joshua Collins,M,480,2016-09-16,Collins,Andrew,Andrew Joshua Collins,M,"{""birth_date"": 1.0, ""name"": 0.8, ""name_tftoken"": 0.459}",,,,
xwd:sha256:7fc9bb9246868cdfe65fc21d95d979799ac97abb2d2db1d68ba6d440d6e65e20,match,0.7522,0.8,948,2018-09-09,Nuguyen,Natalie,Natalie Rose Nuguyen,F,948,2018-09-09,Nguyen,Natalie,Natalie Rose Nguyen,F,"{""birth_date"": 1.0, ""name"": 0.8, ""name_tftoken"": 0.457}",,,,
xwd:sha256:5cb09e2f4a8d68034f79124b48f97b20b82ad488cfc6347ca12cff6915a061f1,match,0.7514,0.8,967,2017-05-22,Johnson,Alex,Alex James Johnson,M,967,2017-05-22,Johnson,Alexander,Alexander James Johnson,M,"{""birth_date"": 1.0, ""name"": 0.8, ""name_tftoken"": 0.454}",,,,
xwd:sha256:d5b80e7d9cbcb72043b4d6835c971a797457aae33639967c66a3e436fbcdb7b9,match,0.7511,0.8,537,2017-07-04,Lewsi,Jason,Jason Michael Lewsi,,537,2017-07-04,Lewis,Jason,Jason Michael Lewis,M,"{""birth_date"": 1.0, ""name"": 0.8, ""name_tftoken"": 0.453}",,,,
xwd:sha256:02fd336786cbda9632ce9c109d05899599e1c9993de32832da7ca1ed24f6f90d,match,0.7506,0.8,194,2016-02-13,Martinbailey,Morgan,Morgan Jack Martinbailey,M,194,2016-02-13,Baileymartin,Morgan,Morgan Jack Baileymartin,M,"{""birth_date"": 1.0, ""name"": 0.8, ""name_tftoken"": 0.452}",,,,
xwd:sha256:aadc367687e800741de4cde1008e1c81eadcc90dc8a030e6aa6038e9aecda46e,match,0.7488,0.8,199,2020-04-12,Thomascooper,Logan,Logan Ellie Thomascooper,F,199,2020-04-12,Cooperthomas,Logan,Logan Ellie Cooperthomas,F,"{""birth_date"": 1.0, ""name"": 0.8, ""name_tftoken"": 0.447}",,,,
xwd:sha256:9837f2a003d087bb5d2992da8e197821a3588c55f5bdb2b4d752e52b4d6f866f,match,0.7475,0.8,396,2017-04-01,Rodriguez,Brook,Brook Jade Rodriguez,F,396,2017-04-01,Rodriguez,Brooklyn,Brooklyn Jade Rodriguez,F,"{""birth_date"": 1.0, ""name"": 0.8, ""name_tftoken"": 0.442}",,,,
xwd:sha256:49e0b2ff9224f32f57cacd94a17c1dbd201f11e627fc63bfc0a0ca641f1d2c52,match,0.7446,0.8,460,2019-02-24,Lee,Sam,Sam Rae Lee,F,460,2019-02-24,Lee,Samantha,Samantha Rae Lee,F,"{""birth_date"": 1.0, ""name"": 0.8, ""name_tftoken"": 0.434}",,,,
xwd:sha256:8ec33e295046c533c4246e9d8b0671e0a55067a1180a7d9a21cd344634829c5e,match,0.7442,0.8,109,2018-01-23,Ramirez,Quin,Quin Annabelle Ramirez,F,109,2018-01-23,Ramirez,Quinn,Quinn Annabelle Ramirez,F,"{""birth_date"": 1.0, ""name"": 0.8, ""name_tftoken"": 0.433}",,,,
xwd:sha256:50e692086d12d28fd4b234acd9b86d0e31fb523b59a240fdc529c3f32c8f81ea,match,0.7411,0.8,166,2018-08-04,Riveraflores,Tyler,Tyler Aaron Riveraflores,M,166,2018-08-04,Floresrivera,Tyler,Tyler Aaron Floresrivera,M,"{""birth_date"": 1.0, ""name"": 0.8, ""name_tftoken"": 0.423}",,,,
xwd:sha256:a29533cdb41dc17ea50be89cce74b1d6283142d95e36fb30498224a2865b3a98,match,0.7374,0.8,28,2018-03-03,Davis,Sorry,Sorry Lucia Davis,F,28,2018-03-03,Davis,Sari,Sari Lucia Davis,F,"{""birth_date"": 1.0, ""name"": 0.8, ""name_tftoken"": 0.412}",,,,
xwd:sha256:f38d71bb5ad251418c23c215cd069deb5b2b4ae3c40e8d3052d8aaeddd128200,match,0.7353,0.8,326,2017-09-03,Anderson,Addsion,Addsion Grace Anderson,F,326,2017-09-03,Anderson,Addison,Addison Grace Anderson,F,"{""birth_date"": 1.0, ""name"": 0.8, ""name_tftoken"": 0.406}",,,,
xwd:sha256:0dd0c07e1e26a32de49348632d374024bfc34b652106f80f94d94eedc6369bb7,match,0.7334,0.8,368,2016-12-24,Lee,Eva,Eva Rose Lee,F,368,2016-12-24,Lee,Ava,Ava Rose Lee,F,"{""birth_date"": 1.0, ""name"": 0.8, ""name_tftoken"": 0.4}",,,,
xwd:sha256:39a139124a773e11d44fa7ffdecb780de4f9bd92e8cf6a3e4d20bcf55d995886,match,0.7228,0.966,425,2017-05-24,Singh,Elsiemae,Elsiemae Singh,F,425,2017-05-24,Singh,Elsie,Elsie Mae Singh,F,"{""birth_date"": 1.0, ""name"": 0.966, ""name_tftoken"": 0.203}",,,,
xwd:sha256:d913abfb54fe4b947b8d94d46695468b397f66d4c7b53e98410f1dfb5080a83e,match,0.7204,0.956,332,2019-10-08,Garcia,Stellamarie,Stellamarie Garcia,F,332,2019-10-08,Garcia,Stella,Stella Marie Garcia,F,"{""birth_date"": 1.0, ""name"": 0.956, ""name_tftoken"": 0.205}",,,,
xwd:sha256:54aecb91561c99df26a9e362a0c553760676fd362718c6ed8e3b6b8bac365fc6,match,0.7131,0.89,676,2018-03-14,Nakameura,Satoru,Satoru Nakameura,M,676,2018-03-14,Nakamura,Satoru,Satoru Kaito Nakamura,M,"{""birth_date"": 1.0, ""name"": 0.89, ""name_tftoken"": 0.249}",,,,
xwd:sha256:b30a8f1456cb714a336530b7e1ed5ab3ce2bcd026bf8a634f7129653d1e1689e,match,0.703,0.933,620,2018-07-04,Colins,Jacob,Jacob Chris Colins,M,620,2018-07-04,Collins,Jacob,Jacob Christopher Collins,M,"{""birth_date"": 1.0, ""name"": 0.933, ""name_tftoken"": 0.176}",,,,
xwd:sha256:e690a124e765dc83b2d7704d070ab904569968a91ae12a80e6d3fb53d50a1540,match,0.7011,0.915,808,2016-08-29,Cruze,Fernando,Fernando A Cruze,M,808,2016-08-29,Cruz,Fernando,Fernando Alberto Cruz,M,"{""birth_date"": 1.0, ""name"": 0.915, ""name_tftoken"": 0.188}",,,,
xwd:sha256:7ecde7958c0beea8463a144c2a4e4b517fce198a88eed5c80c01d2e38af4b181,review,0.6952,0.91,496,2019-01-09,Cartre,Samuel,Samuel J Cartre,M,496,2019-01-09,Carter,Samuel,Samuel Joseph Carter,M,"{""birth_date"": 1.0, ""name"": 0.91, ""name_tftoken"": 0.175}",,,,
xwd:sha256:46b4f532a3b14f328265cebdcd5d6c886b2a4e2cd6eb8b31afa8bdf36f20d62b,review,0.6939,0.878,416,2018-07-23,Cooper,Arabel,Arabel Cooper,F,416,2018-07-23,Cooper,Arabella,Arabella Grace Cooper,F,"{""birth_date"": 1.0, ""name"": 0.878, ""name_tftoken"": 0.204}",,,,
xwd:sha256:99d550e8567a2e96935d1801c5f51f3a285d55e605370151db95fdb77f7998d1,review,0.6921,0.935,719,2020-10-21,Ramirez,Adrian,Adrian R Ramirez,F,719,2020-10-21,Ramirez,Adriana,Adriana Rosa Ramirez,F,"{""birth_date"": 1.0, ""name"": 0.935, ""name_tftoken"": 0.141}",,,,
xwd:sha256:a9c5d4dd66d11fcee5bc7090593d1116a689d02b1d014852eeb30b294c11ebc1,review,0.6919,0.946,155,2016-10-12,Wattson,Chelsey,Chelsey Elizabeth Wattson,F,155,2016-10-12,Watson,Kelsey,Kelsey Elizabeth Watson,F,"{""birth_date"": 1.0, ""name"": 0.946, ""name_tftoken"": 0.13}",,,,
xwd:sha256:1ee11669bb8687efecea21a7195b3f971c612d693e08c8344cd7c821921d3612,review,0.6914,0.889,908,2016-09-14,Abdullah,Ahmed,Ahmed N Abdullah,M,908,2016-09-14,Alabdullah,Ahmed,Ahmed Nasser Alabdullah,M,"{""birth_date"": 1.0, ""name"": 0.889, ""name_tftoken"": 0.185}",,,,
xwd:sha256:f7b39c02424a8b2537abadf03abcb9ffd3105c3f392b2e5c0c44a90d92b03ed6,review,0.6908,0.91,770,2017-05-18,Marqeuz,Sofia,Sofia R Marqeuz,F,770,2017-05-18,Marquez,Sofia,Sofia Renata Marquez,F,"{""birth_date"": 1.0, ""name"": 0.91, ""name_tftoken"": 0.162}",,,,
xwd:sha256:218403f5294d2ba620276f3d0f02c107572120b522e3bdb4500cbd4300402b66,review,0.6854,0.871,324,2018-05-02,Davis,Harpper,Harpper Davis,F,324,2018-05-02,Davis,Harper,Harper Madison Davis,F,"{""birth_date"": 1.0, ""name"": 0.871, ""name_tftoken"": 0.185}",,,,
xwd:sha256:b61333fa13de7d46447ab55697d4ff74c5281ce31212eec2ddcf841d8777b062,review,0.6799,0.8,910,2019-04-24,Almalik,Hasan,Hasan Almalik,M,910,2019-04-24,Almalik,Hassan,Hassan Mahmoud Almalik,M,"{""birth_date"": 1.0, ""name"": 0.8, ""name_tftoken"": 0.24}",,,,
xwd:sha256:79c4a601ce8190857d9ab06534c6ac8ad39f18f09774658d81514e35d17b57cf,review,0.6788,0.884,555,2016-07-13,Anderson,Isack,Isack Tomtom Anderson,M,555,2016-07-13,Anderson,Isaac,Isaac Thomas Anderson,M,"{""birth_date"": 1.0, ""name"": 0.884, ""name_tftoken"": 0.153}",,,,
xwd:sha256:3d0361f06506ab89a049e987db99c6a87c5640a0fc83943ae0c545f5a2edb4c5,review,0.6756,0.849,511,2019-03-31,Scott,Saen,Saen Mike Scott,M,511,2019-03-31,Scott,Sean,Sean Michael Scott,M,"{""birth_date"": 1.0, ""name"": 0.849, ""name_tftoken"": 0.178}",,,,
xwd:sha256:325f87f1886ca3c0a723155cdf5e3c569f757bb16676029fe4dacde49c44fedf,review,0.6733,0.897,693,2016-08-17,Kim,Ji,Ji H Kim,F,693,2016-08-17,Kim,Jisoo,Jisoo Hee Kim,F,"{""birth_date"": 1.0, ""name"": 0.897, ""name_tftoken"": 0.122}",,,,
xwd:sha256:a37bb85b8e08f5f915aeecb2945d8017a4b1aa08ae0d31c96f8f398a4c675177,review,0.6728,0.858,863,2017-11-21,Gonzalezjose,Luis,Luis E Gonzalezjose,M,863,2017-11-21,Gonzalez,Luis,Luis Enrique Gonzalez,M,"{""birth_date"": 1.0, ""name"": 0.858, ""name_tftoken"": 0.16}",,,,
xwd:sha256:9eb6c16f1d422d5bab6923dd4ee5b1cc4e6a3cb7242a96defc9b8f8e7fe2808f,review,0.6725,0.827,141,2016-03-08,Ortiz,Payton,Payton Ortiz,F,141,2016-03-08,Ortiz,Peyton,Peyton Ivy Ortiz,F,"{""birth_date"": 1.0, ""name"": 0.827, ""name_tftoken"": 0.191}",,,,
xwd:sha256:effad3fbdbbc9e81d77f27942c58859006291461f4b4d77686e5400442729719,review,0.6702,0.818,654,2016-07-08,Miller,Nick,Nick A Miller,M,654,2016-07-08,Miller,Nicholas,Nicholas Andrew Miller,M,"{""birth_date"": 1.0, ""name"": 0.818, ""name_tftoken"": 0.193}",,,,
xwd:sha256:cbbb51c8309ad0257e6e22eba48fa3340b46ec9e67443da8dad882c31de96e25,review,0.6667,1.0,818,2018-08-16,Gonzalez,Angel,Angel Luis Gonzalez,M,876,2017-08-30,Gonzalez,Angel,Angel Luis Gonzalez,M,"{""birth_date"": 0.0, ""name"": 1.0, ""name_tftoken"": 1.0}",,,,
xwd:sha256:18960f71999ca1dc21dadebef41efba8241b211601d9f182b5ab866bdaffa9f6,review,0.6667,1.0,820,2020-09-16,Torres,Jorge,Jorge Antonio Torres,M,849,2016-02-23,Torres,Jorge,Jorge Antonio Torres,M,"{""birth_date"": 0.0, ""name"": 1.0, ""name_tftoken"": 1.0}",,,,
xwd:sha256:816dd38aba4316886460b4e6bf4cb704e690f31467e3e98c641e9e29d71b8eb3,review,0.6667,1.0,821,2017-03-01,Rodriguez,Gabriel,Gabriel Eduardo Rodriguez,M,879,2019-03-24,Rodriguez,Gabriel,Gabriel Eduardo Rodriguez,M,"{""birth_date"": 0.0, ""name"": 1.0, ""name_tftoken"": 1.0}",,,,
xwd:sha256:1f2da7dbad0206aa10624f272492df48a3a556e40abac1e2ec98098d31821866,review,0.6667,1.0,822,2017-11-13,Sanchez,Miguel,Miguel Angel Sanchez,M,880,2017-05-12,Sanchez,Miguel,Miguel Angel Sanchez,M,"{""birth_date"": 0.0, ""name"": 1.0, ""name_tftoken"": 1.0}",,,,
xwd:sha256:1d668bcce5b2df64226b930494587c4f84b7e5d8359605830f376f294a5368a5,review,0.6667,1.0,823,2018-05-25,Rivera,Carlos,Carlos Enrique Rivera,M,852,2019-03-14,Rivera,Carlos,Carlos Enrique Rivera,M,"{""birth_date"": 0.0, ""name"": 1.0, ""name_tftoken"": 1.0}",,,,
xwd:sha256:5d6459924b4a6874724e66e9a8a5d07fd4c2a3b3b949c63aacac884a2623f882,review,0.6667,1.0,824,2018-11-09,Martinez,Jose,Jose Daniel Martinez,M,853,2018-10-18,Martinez,Jose,Jose Daniel Martinez,M,"{""birth_date"": 0.0, ""name"": 1.0, ""name_tftoken"": 1.0}",,,,
xwd:sha256:ae7b06078ffe3d5ac80bac39cbb569cf61b144f76f7a18a984ed54af3fac4c62,review,0.6667,1.0,828,2017-10-24,Alvarez,Jose,Jose Ramon Alvarez,M,886,2017-02-21,Alvarez,Jose,Jose Ramon Alvarez,M,"{""birth_date"": 0.0, ""name"": 1.0, ""name_tftoken"": 1.0}",,,,
xwd:sha256:7599419bbde2d16847749d9c725ae016cdd39ccf275b854fd4e6a4369dccfa21,review,0.6667,1.0,833,2017-05-11,Ortiz,Andres,Andres Eduardo Ortiz,M,862,2019-06-28,Ortiz,Andres,Andres Eduardo Ortiz,M,"{""birth_date"": 0.0, ""name"": 1.0, ""name_tftoken"": 1.0}",,,,
xwd:sha256:c7d47e211ec0f58b66854485c9dae1b286d4e0d18461b1ec59d14803a2200e74,review,0.6667,1.0,834,2016-08-04,Gonzalez,Luis,Luis Enrique Gonzalez,M,863,2017-11-21,Gonzalez,Luis,Luis Enrique Gonzalez,M,"{""birth_date"": 0.0, ""name"": 1.0, ""name_tftoken"": 1.0}",,,,
xwd:sha256:3ae06cc3a40d4d66a38eaf546813136bb0538d2b5f5168bb9a06c9367f398c20,review,0.6667,1.0,837,2018-01-17,Ramirez,Javier,Javier Arturo Ramirez,M,866,2019-03-09,Ramirez,Javier,Javier Arturo Ramirez,M,"{""birth_date"": 0.0, ""name"": 1.0, ""name_tftoken"": 1.0}",,,,
xwd:sha256:17c5d0bdf8122d83d264534bff6a754f40cc2346c977e09a60dfa4e1b74ab0ab,review,0.6667,1.0,840,2017-10-11,Ortiz,Ricardo,Ricardo Gabriel Ortiz,M,869,2018-05-05,Ortiz,Ricardo,Ricardo Gabriel Ortiz,M,"{""birth_date"": 0.0, ""name"": 1.0, ""name_tftoken"": 1.0}",,,,
xwd:sha256:38c755a0cc02cac5264b656754b0bd9bad7b0b0f084cc0bea41744e7f99ca38c,review,0.6667,1.0,844,2018-08-25,Chavez,Juan,Juan Carlos Chavez,M,873,2019-02-18,Chavez,Juan,Juan Carlos Chavez,M,"{""birth_date"": 0.0, ""name"": 1.0, ""name_tftoken"": 1.0}",,,,
xwd:sha256:cf02bfa79503bf95f865fdf9f72db92ac90a8f9a6d10758ec600083b446a7e05,review,0.6667,1.0,847,2017-03-05,Gonzalez,Angel,Angel Luis Gonzalez,M,818,2018-08-16,Gonzalez,Angel,Angel Luis Gonzalez,M,"{""birth_date"": 0.0, ""name"": 1.0, ""name_tftoken"": 1.0}",,,,
xwd:sha256:015cd4631734010475e32b3d3b309e4d5cca73762f9bfc3a0e38054ce4db2308,review,0.6667,1.0,847,2017-03-05,Gonzalez,Angel,Angel Luis Gonzalez,M,876,2017-08-30,Gonzalez,Angel,Angel Luis Gonzalez,M,"{""birth_date"": 0.0, ""name"": 1.0, ""name_tftoken"": 1.0}",,,,
xwd:sha256:556d337f87de35301f08a01f1a43323f10c7c6605f230d49b229e5e22de8daca,review,0.6667,1.0,848,2017-11-17,Ortiz,Victor,Victor Hugo Ortiz,M,819,2019-06-20,Ortiz,Victor,Victor Hugo Ortiz,M,"{""birth_date"": 0.0, ""name"": 1.0, ""name_tftoken"": 1.0}",,,,
xwd:sha256:cfdd226d24a1e02bc21fa35aa4a59806517b9dbf671f3550b272f41d713849b1,review,0.6667,1.0,850,2018-09-05,Rodriguez,Gabriel,Gabriel Eduardo Rodriguez,M,821,2017-03-01,Rodriguez,Gabriel,Gabriel Eduardo Rodriguez,M,"{""birth_date"": 0.0, ""name"": 1.0, ""name_tftoken"": 1.0}",,,,
xwd:sha256:6388626be0dda994477fe37bb3364f02c10998973164021d60f86e22f961de40,review,0.6667,1.0,850,2018-09-05,Rodriguez,Gabriel,Gabriel Eduardo Rodriguez,M,879,2019-03-24,Rodriguez,Gabriel,Gabriel Eduardo Rodriguez,M,"{""birth_date"": 0.0, ""name"": 1.0, ""name_tftoken"": 1.0}",,,,
xwd:sha256:181fbcb8c3ab7d0f7c55946be63dc456fad8d5946bf1798c21e1af2dfb5a8594,review,0.6667,1.0,851,2017-06-13,Sanchez,Miguel,Miguel Angel Sanchez,M,880,2017-05-12,Sanchez,Miguel,Miguel Angel Sanchez,M,"{""birth_date"": 0.0, ""name"": 1.0, ""name_tftoken"": 1.0}",,,,
xwd:sha256:49756e670b92f3646d09f9164074f0e63b8d9fb6a805444215121db9c85be190,review,0.6667,1.0,855,2017-07-21,Ramos,Guillermo,Guillermo Antonio Ramos,M,826,2019-08-11,Ramos,Guillermo,Guillermo Antonio Ramos,M,"{""birth_date"": 0.0, ""name"": 1.0, ""name_tftoken"": 1.0}",,,,
xwd:sha256:d85b55a62c3bd3e0a7d48e76ab79c55aec5be010e9a1fbe15810a4982a731b79,review,0.6667,1.0,857,2020-08-10,Alvarez,Jose,Jose Ramon Alvarez,M,886,2017-02-21,Alvarez,Jose,Jose Ramon Alvarez,M,"{""birth_date"": 0.0, ""name"": 1.0, ""name_tftoken"": 1.0}",,,,
xwd:sha256:d2ed205cfc606a420a0f0899d17b9098047a878f1acd72de88dd62533aa3ff5b,review,0.6667,1.0,858,2018-11-08,Cruz,Hector,Hector David Cruz,M,829,2018-07-28,Cruz,Hector,Hector David Cruz,M,"{""birth_date"": 0.0, ""name"": 1.0, ""name_tftoken"": 1.0}",,,,
xwd:sha256:cd0bf362531ff92939342579e72be9c790830c57eb651de723440f549dad1e93,review,0.6667,1.0,859,2017-04-11,Rodriguez,Ricardo,Ricardo Jose Rodriguez,M,830,2019-12-21,Rodriguez,Ricardo,Ricardo Jose Rodriguez,M,"{""birth_date"": 0.0, ""name"": 1.0, ""name_tftoken"": 1.0}",,,,
xwd:sha256:3d6ab30294a31900cacae12ee6460e80f4a36d6d3ffab3593547529b042c79bf,review,0.6667,1.0,861,2018-05-27,Flores,Juan,Juan Antonio Flores,M,832,2020-11-26,Flores,Juan,Juan Antonio Flores,M,"{""birth_date"": 0.0, ""name"": 1.0, ""name_tftoken"": 1.0}",,,,
xwd:sha256:95c5cbba10f62d2357450b49b55a436995a7ebf6b3ebe14c2d80059096001255,review,0.6667,1.0,867,2018-02-04,Hernandez,Roberto,Roberto Antonio Hernandez,M,838,2018-12-06,Hernandez,Roberto,Roberto Antonio Hernandez,M,"{""birth_date"": 0.0, ""name"": 1.0, ""name_tftoken"": 1.0}",,,,
xwd:sha256:cae4edb33dc0160d095ab4e3a4a437293823e76ec7467eb6a42a0892e5f559f1,review,0.6667,1.0,873,2019-02-18,Chavez,Juan,Juan Carlos Chavez,M,844,2018-08-25,Chavez,Juan,Juan Carlos Chavez,M,"{""birth_date"": 0.0, ""name"": 1.0, ""name_tftoken"": 1.0}",,,,
xwd:sha256:d485d8d387e1b37cd44fae86ac86916f4b7f7baf652a1383295afb184bdac0fd,review,0.6667,1.0,876,2017-08-30,Gonzalez,Angel,Angel Luis Gonzalez,M,818,2018-08-16,Gonzalez,Angel,Angel Luis Gonzalez,M,"{""birth_date"": 0.0, ""name"": 1.0, ""name_tftoken"": 1.0}",,,,
xwd:sha256:a6cb65996391cb7f5feda45f769d62df2a7adb5bf7c697fd6e993ff8bc4e77e4,review,0.6667,1.0,877,2018-06-01,Ortiz,Victor,Victor Hugo Ortiz,M,819,2019-06-20,Ortiz,Victor,Victor Hugo Ortiz,M,"{""birth_date"": 0.0, ""name"": 1.0, ""name_tftoken"": 1.0}",,,,
xwd:sha256:0bda77765ff7586ee55386a194656e900f1103c749de5ff81fd2f3dcdec1f5b3,review,0.6667,1.0,879,2019-03-24,Rodriguez,Gabriel,Gabriel Eduardo Rodriguez,M,821,2017-03-01,Rodriguez,Gabriel,Gabriel Eduardo Rodriguez,M,"{""birth_date"": 0.0, ""name"": 1.0, ""name_tftoken"": 1.0}",,,,
xwd:sha256:97041f7ce3ccc07520239c2633d991d2377859fe83f17e298aadbce5645b4780,review,0.6667,1.0,880,2017-05-12,Sanchez,Miguel,Miguel Angel Sanchez,M,851,2017-06-13,Sanchez,Miguel,Miguel Angel Sanchez,M,"{""birth_date"": 0.0, ""name"": 1.0, ""name_tftoken"": 1.0}",,,,
xwd:sha256:95d2b06330f712be732f840992f6d393daae6f3827de8bd12eb5bd5265f18402,review,0.6667,1.0,881,2020-09-07,Rivera,Carlos,Carlos Enrique Rivera,M,852,2019-03-14,Rivera,Carlos,Carlos Enrique Rivera,M,"{""birth_date"": 0.0, ""name"": 1.0, ""name_tftoken"": 1.0}",,,,
xwd:sha256:f9fdf2dbb8a6fee686d3e2cc92b21d43710e312a0bbedd74094d711dc58ab2d5,review,0.6667,1.0,882,2016-11-17,Martinez,Jose,Jose Daniel Martinez,M,853,2018-10-18,Martinez,Jose,Jose Daniel Martinez,M,"{""birth_date"": 0.0, ""name"": 1.0, ""name_tftoken"": 1.0}",,,,
xwd:sha256:7ff7c284441acac2f394403ba7ba9427ed8d590fcb56c3049de10640e84d6fe0,review,0.6667,1.0,884,2018-08-29,Ramos,Guillermo,Guillermo Antonio Ramos,M,826,2019-08-11,Ramos,Guillermo,Guillermo Antonio Ramos,M,"{""birth_date"": 0.0, ""name"": 1.0, ""name_tftoken"": 1.0}",,,,
xwd:sha256:0af58c1f30ae728683a6832588af69b4eca5ff1e3fe32d002fc641a0f79c4194,review,0.6659,0.864,811,2018-01-22,Hernandez,Rico,Rico Alo Hernandez,M,811,2018-01-22,Hernandez,Ricardo,Ricardo Alonso Hernandez,M,"{""birth_date"": 1.0, ""name"": 0.864, ""name_tftoken"": 0.134}",,,,
xwd:sha256:291ea9db896d8527d67fbd727a7a873b9dfdc495ebb63e179ddc5bf15a1d16bc,review,0.6483,0.783,849,2016-02-23,Torres,Gorge,Gorge A Torres,M,849,2016-02-23,Torres,Jorge,Jorge Antonio Torres,M,"{""birth_date"": 1.0, ""name"": 0.783, ""name_tftoken"": 0.162}",,,,
xwd:sha256:e48ff0c0044e7d5a7f7d4fb3ca19f6db9a70de9e5196d431f760b6a374703e60,review,0.6423,0.761,624,2017-02-01,Smith,Mike,Mike S Smith,M,624,2017-02-01,Smith,Michael,Michael Steven Smith,M,"{""birth_date"": 1.0, ""name"": 0.761, ""name_tftoken"": 0.166}",,,,
xwd:sha256:0a8662d9c2033a4c6ae0d63887750bce8d9c6df2e8ed312c57f82ccadabd3b1f,review,0.6418,0.678,812,2018-12-13,Castro,Dan,Dan Castro,M,812,2018-12-13,Castro,Daniel,Daniel Eduardo Castro,M,"{""birth_date"": 1.0, ""name"": 0.678, ""name_tftoken"": 0.248}",,,,
xwd:sha256:6792ebb782c15f424a1cc871ae3f8e769900c09a4afbe2d65ca6db5a0d5538f1,review,0.631,0.69,750,2019-03-16,Aguayo,Cammy,Cammy J Aguayo,F,750,2019-03-16,Aguayo,Camila,Camila Josefina Aguayo,F,"{""birth_date"": 1.0, ""name"": 0.69, ""name_tftoken"": 0.203}",,,,
xwd:sha256:96343d70e661caca477ccb160647ec2028fc5fb830db215402239584297babdc,review,0.6281,0.667,390,2017-05-08,Collins,Sam,Sam Collins,F,390,2017-05-08,Collins,Samantha,Samantha Faith Collins,F,"{""birth_date"": 1.0, ""name"": 0.667, ""name_tftoken"": 0.218}",,,,
xwd:sha256:96936748a6c4d7a6bf2683d4e1c7a3eb65c28e554fa5665bafc427422caeb8d8,review,0.6235,0.8,466,2018-09-26,Rodriguez,Brooklyn,Brooklyn Rodriguez,F,466,2018-09-27,Rodriguez,Brooklyn,Brooklyn Marie Rodriguez,F,"{""birth_date"": 0.35, ""name"": 0.8, ""name_tftoken"": 0.721}",,,,
xwd:sha256:ec3f139e40f23fb4cbe392596be99b2f4f7a8f7c879bff5fdc1e537642b2fab4,review,0.6204,0.669,790,2018-12-06,Martinez,Antonio,Antonio Javier Martinez,M,838,2018-12-06,Hernandez,Roberto,Roberto Antonio Hernandez,M,"{""birth_date"": 1.0, ""name"": 0.669, ""name_tftoken"": 0.192}",,,,
xwd:sha256:b4947b783e558fb3d2082a4b0937c46cab7105fd2c0efa187b681b33ac49b752,review,0.6157,0.686,854,2019-12-14,Hernandez,Luis,Luis Fernando Hernandez,M,804,2019-12-14,Hernandez,Juan,Juan Pablo Hernandez,M,"{""birth_date"": 1.0, ""name"": 0.686, ""name_tftoken"": 0.161}",,,,
xwd:sha256:a9eb09633924e850e5cbda7e99aaf77bd54a2bb4ceb043ebac96778b80daff4a,review,0.6132,0.692,28,2018-03-03,Davis,Sorry,Sorry Lucia Davis,F,315,2018-03-03,Davis,Evelyn,Evelyn Faith Davis,F,"{""birth_date"": 1.0, ""name"": 0.692, ""name_tftoken"": 0.147}",,,,
xwd:sha256:6c9ef9858d041fdde299bae1917ca21f1bde1e44aa68c0c87ee6b1dd57b9144c,review,0.6043,0.8,279,2018-04-10,Mitchell,Xavier,Xavier Mitchell,M,279,2016-04-10,Mitchell,Xavier,Xavier Jamal Mitchell,M,"{""birth_date"": 0.35, ""name"": 0.8, ""name_tftoken"": 0.663}",,,,
xwd:sha256:23b061c6f0af7d9dd00b1d2b26ae6e6ff47cc4eafe5da0ac549127ace4705390,review,0.6032,0.665,257,2018-11-18,Davis,Desiree,Desiree Monique Davis,F,336,2018-11-18,Davis,Everly,Everly Sophia Davis,F,"{""birth_date"": 1.0, ""name"": 0.665, ""name_tftoken"": 0.144}",,,,
xwd:sha256:0b3b58643a73fb289b011deb5e4b7589217a8f9566800f45e063fe8567c10b44,review,0.6032,0.665,336,2018-11-18,Davis,Everly,Everly Sophia Davis,F,257,2018-11-18,Davis,Desiree,Desiree Monique Davis,F,"{""birth_date"": 1.0, ""name"": 0.665, ""name_tftoken"": 0.144}",,,,
xwd:sha256:cf04624751bf5e758328c71b9c19699ac904ac15a02d1cc25b54ff15a3729b8c,review,0.5941,0.643,968,2018-10-28,Lee,Ben,Ben T Lee,M,968,2018-10-28,Lee,Benjamin,Benjamin Thomas Lee,M,"{""birth_date"": 1.0, ""name"": 0.643, ""name_tftoken"": 0.14}",,,,
xwd:sha256:85497724c389f51bfa900cf6cb84719494eb18f765109e1e404439dea7673e48,review,0.5891,0.8,746,2016-12-16,Reyes,Antonia,Antonia Reyes,F,746,2017-12-16,Reyes,Antonia,Antonia Ines Reyes,F,"{""birth_date"": 0.35, ""name"": 0.8, ""name_tftoken"": 0.617}",,,,
xwd:sha256:455bfa5364f0b6a178c6654402fdd1712f7b6f1e0d53efa3931850b75eb474e4,review,0.5887,0.615,965,2018-12-27,Taylor,Luna,Luna Marie Taylor,F,458,2018-12-27,Davis,Zoey,Zoey Marie Davis,F,"{""birth_date"": 1.0, ""name"": 0.615, ""name_tftoken"": 0.151}",,,,
xwd:sha256:c4e893ac6de6f6fe3701e715e0bdd7645c48b03bab3bda5e867ebab23516ac38,review,0.5859,0.8,866,2019-03-19,Ramirez,Javier,Javier Ramirez,M,866,2019-03-09,Ramirez,Javier,Javier Arturo Ramirez,M,"{""birth_date"": 0.35, ""name"": 0.8, ""name_tftoken"": 0.608}",,,,
xwd:sha256:384bd4ad3c256ac217971f71ec04a13db3e7211cdd7e47b7b1610200bae6d3f1,review,0.5814,0.594,315,2018-03-03,Davis,Evelyn,Evelyn Faith Davis,F,28,2018-03-03,Davis,Sari,Sari Lucia Davis,F,"{""birth_date"": 1.0, ""name"": 0.594, ""name_tftoken"": 0.151}",,,,
xwd:sha256:55f02265bd1e3159200fe4ad8cd92558eb42d0431a2412c216f2cbd5a70eb992,review,0.5648,0.8,831,2016-03-14,Ramirez,Manuel,Manuel Alejandro Ramirez,M,805,2016-03-28,Martinez,Manuel,Manuel Alejandro Martinez,M,"{""birth_date"": 0.35, ""name"": 0.8, ""name_tftoken"": 0.544}",,,,
xwd:sha256:2e1400e75c648cb1c790a9ad8e681c8237ca894037efa06881a363478adafa75,review,0.5531,0.8,791,2017-01-12,Gonzalez,Miguel,Miguel Angel Gonzalez,M,880,2017-05-12,Sanchez,Miguel,Miguel Angel Sanchez,M,"{""birth_date"": 0.35, ""name"": 0.8, ""name_tftoken"": 0.509}",,,,
