decision_id,decision,score,distinctive_max,register_id,register_birth_date,register_name,register_sex,sample_id,sample_birth_date,sample_name,sample_sex,evidence,review_outcome,reviewer,reviewed_at,reason
xwd:sha256:d9113459e1e015d12d3a3b8bb0d4d6b5eabaf2714c9a1e78fcb1a9880a40ad71,match,1.0,1.0,34,2020-08-23,Amal Niamh Garciarodriguez,F,34,2020-08-23,Amal Niamh Garciarodriguez,F,"{""birth_date"": 1.0, ""name"": 1.0, ""name_tftoken"": 1.0}",,,,
xwd:sha256:db98c900be76a4310ec119374f1f8cbd00d4861ed1941a2e235d8f57b6db2a48,match,1.0,1.0,35,2017-04-18,Isaac Arseniy Alijones,M,35,2017-04-18,Isaac Arseniy Alijones,M,"{""birth_date"": 1.0, ""name"": 1.0, ""name_tftoken"": 1.0}",,,,
xwd:sha256:727aae11b5cfc1fc838b04f4f417274062ee3b1bc7c2c853ac308b75a066333d,match,1.0,1.0,37,2018-09-05,Jin Finn Ruiz,M,37,2018-09-05,Jin Finn Ruiz,M,"{""birth_date"": 1.0, ""name"": 1.0, ""name_tftoken"": 1.0}",,,,
xwd:sha256:f27a21cf9f838cc084e753a9f7fadc9cde25aa71c553c4e03ed260c579b827b8,match,1.0,1.0,47,2019-06-25,Jun Maritza Changliu,M,47,2019-06-25,Jun Maritza Changliu,M,"{""birth_date"": 1.0, ""name"": 1.0, ""name_tftoken"": 1.0}",,,,
xwd:sha256:1000b70a1870a5947af25093af3162a342ea3fc36c73cef5818110b3a53d62bc,match,1.0,1.0,64,2019-05-13,Omar Andrzej Nakamurayamamoto,M,64,2019-05-13,Omar Andrzej Nakamurayamamoto,M,"{""birth_date"": 1.0, ""name"": 1.0, ""name_tftoken"": 1.0}",,,,
xwd:sha256:d47a2aa18fffc607396357f76f21fddf71151184e8c5838f811c649892b4f28e,match,1.0,1.0,68,2018-04-28,Aaliyah Marisol Kimchoi,F,68,2018-04-28,Aaliyah Marisol Kimchoi,F,"{""birth_date"": 1.0, ""name"": 1.0, ""name_tftoken"": 1.0}",,,,
xwd:sha256:35f68abd172433769c8f8b1334363b8c33719731f974cf4ba507f1a91a11c15b,match,1.0,1.0,72,2017-10-27,Jasmine Giselle Torresrodriguez,F,72,2017-10-27,Jasmine Giselle Torresrodriguez,F,"{""birth_date"": 1.0, ""name"": 1.0, ""name_tftoken"": 1.0}",,,,
xwd:sha256:2d6b1a4970caf1c434ae0c02113e3f775d9895db349a5934b3830a1f3bda36e2,match,1.0,1.0,80,2020-01-19,Selena Kiana Changchen,F,80,2020-01-19,Selena Kiana Changchen,F,"{""birth_date"": 1.0, ""name"": 1.0, ""name_tftoken"": 1.0}",,,,
xwd:sha256:49f020bc16dc6ad77fde20707b658d223837dcebf5c670990abdd3504c12d2f5,match,1.0,1.0,81,2019-08-26,Yusuf Rasmus Leepark,M,81,2019-08-26,Yusuf Rasmus Leepark,M,"{""birth_date"": 1.0, ""name"": 1.0, ""name_tftoken"": 1.0}",,,,
xwd:sha256:2be84915906311c45c5b60119c3f214d09a7ecb80d55d0d75590ecfc61e6830a,match,1.0,1.0,84,2020-04-14,Lila Fatoumata Ortizrodriguez,F,84,2020-04-14,Lila Fatoumata Ortizrodriguez,F,"{""birth_date"": 1.0, ""name"": 1.0, ""name_tftoken"": 1.0}",,,,
xwd:sha256:8624a8003629b80f6353181e178b9952fd6da25f709283673c65a18777b81e94,match,1.0,1.0,87,2018-01-15,Lila Inessa Hernandezgonzalez,F,87,2018-01-15,Lila Inessa Hernandezgonzalez,F,"{""birth_date"": 1.0, ""name"": 1.0, ""name_tftoken"": 1.0}",,,,
xwd:sha256:5c2950302c37e41ebb13b698f40743a4b68db8f11bc3eb13af4d3781c1af6ab9,match,1.0,1.0,113,2020-10-05,Aubrey Sophia Jenkins,F,113,2020-10-05,Aubrey Sophia Jenkins,F,"{""birth_date"": 1.0, ""name"": 1.0, ""name_tftoken"": 1.0}",,,,
xwd:sha256:79a38328bff034cd2030a2231d124bc0b5fbff7cc06cab4a3e59232b4da0af2a,match,1.0,1.0,119,2016-05-07,Sage Isabella White,F,119,2016-05-07,Sage Isabella White,F,"{""birth_date"": 1.0, ""name"": 1.0, ""name_tftoken"": 1.0}",,,,
xwd:sha256:0d7e7751da1d8371af1caf2322857ecc957078f9671bcc2ce9a3fe5063dbb473,match,1.0,1.0,122,2018-11-21,Drew Samuel Allen,M,122,2018-11-21,Drew Samuel Allen,M,"{""birth_date"": 1.0, ""name"": 1.0, ""name_tftoken"": 1.0}",,,,
xwd:sha256:8a5cf87003e40ee24a8ee7839ae2ddd4295c2160644cb923042ccc7aa0c07b0a,match,1.0,1.0,129,2020-11-14,Bailey Daniel Green,F,129,2020-11-14,Bailey Daniel Green,F,"{""birth_date"": 1.0, ""name"": 1.0, ""name_tftoken"": 1.0}",,,,
xwd:sha256:cc99b24a703a9426d207d7a1bb860680421e394be42c8c7f36cee98bee98f149,match,1.0,1.0,131,2017-09-05,Morgan Nicholas Lee,F,131,2017-09-05,Morgan Nicholas Lee,F,"{""birth_date"": 1.0, ""name"": 1.0, ""name_tftoken"": 1.0}",,,,
xwd:sha256:dac3173c5d104c2752459455c67d22b11baf197de8fd0d8ad9acbbdb98eb56f7,match,1.0,1.0,133,2020-01-07,Avery Ryan Hall,F,133,2020-01-07,Avery Ryan Hall,F,"{""birth_date"": 1.0, ""name"": 1.0, ""name_tftoken"": 1.0}",,,,
xwd:sha256:35c2fbd247bde88d535ef849652f81abb257791ad4a42d5bcbc2e45b8a590b59,match,1.0,1.0,174,2018-11-08,Casey Ethan Rivera,M,174,2018-11-08,Casey Ethan Rivera,M,"{""birth_date"": 1.0, ""name"": 1.0, ""name_tftoken"": 1.0}",,,,
xwd:sha256:5ccde020eb83552d093d2f8bfee508d2bc72b09349ed1623976d76da638b4fda,match,1.0,1.0,207,2020-06-25,Tuakana Toa Patea,M,207,2020-06-25,Tuakana Toa Patea,M,"{""birth_date"": 1.0, ""name"": 1.0, ""name_tftoken"": 1.0}",,,,
xwd:sha256:0aac587b637f2bf99a18138bffc00d835f71dc5c2ef3c19289f5bebf6afcc8e4,match,1.0,1.0,210,2017-05-31,Mele Kula Tavita,F,210,2017-05-31,Mele Kula Tavita,F,"{""birth_date"": 1.0, ""name"": 1.0, ""name_tftoken"": 1.0}",,,,
xwd:sha256:c449c6f2cb9b3ec06a432146c125d333c3cae9665458431dafc5a22a9cf36265,match,1.0,1.0,212,2017-11-30,Sina Orama Teura,F,212,2017-11-30,Sina Orama Teura,F,"{""birth_date"": 1.0, ""name"": 1.0, ""name_tftoken"": 1.0}",,,,
xwd:sha256:f4abc6ac855d24290ae6d2abb28d1c2b70b1bf7847943cf6f5ede7296280a5fb,match,1.0,1.0,215,2017-08-03,Iakopo Lutu Tuala,F,215,2017-08-03,Iakopo Lutu Tuala,M,"{""birth_date"": 1.0, ""name"": 1.0, ""name_tftoken"": 1.0}",,,,
xwd:sha256:9df0a144ad2554718c259c36b90c883239ec768d0bc38a4af888e53e17b8fc37,match,1.0,1.0,216,2018-10-11,Hinemoa Atareta Tane,F,216,2018-10-11,Hinemoa Atareta Tane,F,"{""birth_date"": 1.0, ""name"": 1.0, ""name_tftoken"": 1.0}",,,,
xwd:sha256:9aad387283e95688d82c14b5bc708319936de40ebeb1631fcbba1af382a88051,match,1.0,1.0,237,2018-06-20,Mikaele Taufa Kaipo,M,237,2018-06-20,Mikaele Taufa Kaipo,M,"{""birth_date"": 1.0, ""name"": 1.0, ""name_tftoken"": 1.0}",,,,
xwd:sha256:92db7be6987a28b5300884c8644bbaf225d7272b463bff5b5e8688ef773baa2b,match,1.0,1.0,239,2019-08-15,Toa Malakai Onaona,M,239,2019-08-15,Toa Malakai Onaona,M,"{""birth_date"": 1.0, ""name"": 1.0, ""name_tftoken"": 1.0}",,,,
xwd:sha256:269a1b520dae23ce46102f7023b6d89a408c498ce39e1313d7ebb314d8c4cc42,match,1.0,1.0,245,2017-01-08,Palefau Soane Ola,M,245,2017-01-08,Palefau Soane Ola,M,"{""birth_date"": 1.0, ""name"": 1.0, ""name_tftoken"": 1.0}",,,,
xwd:sha256:5a16d934a17254811fe654c83cb019aba1f68c01715b56f4839e45fdcfee6d27,match,1.0,1.0,246,2020-06-11,Fetu Leilani Tuitupou,F,246,2020-06-11,Fetu Leilani Tuitupou,F,"{""birth_date"": 1.0, ""name"": 1.0, ""name_tftoken"": 1.0}",,,,
xwd:sha256:a978300fd8e3d42eecde3cdd0e90c1a9246232ad4c20cc4e76a679fbf591b09b,match,1.0,1.0,257,2018-11-18,Desiree Monique Davis,F,257,2018-11-18,Desiree Monique Davis,F,"{""birth_date"": 1.0, ""name"": 1.0, ""name_tftoken"": 1.0}",,,,
xwd:sha256:830b703c636db7959488d94fa6879716f9ec783893864a1d0086290ca4c894eb,match,1.0,1.0,263,2016-06-07,Monique Danielle Adams,F,263,2016-06-07,Monique Danielle Adams,F,"{""birth_date"": 1.0, ""name"": 1.0, ""name_tftoken"": 1.0}",,,,
xwd:sha256:c74505d60e7a75e90d5df6a3a615bac4ea60ff77aa00dd17f206cdc9b8b035d7,match,1.0,1.0,268,2017-08-05,Ciara Marie Richardson,F,268,2017-08-05,Ciara Marie Richardson,F,"{""birth_date"": 1.0, ""name"": 1.0, ""name_tftoken"": 1.0}",,,,
xwd:sha256:d08d8101f6c057562874376a258f2140a7d3ce95a89caeecfb7e0dbf99697326,match,1.0,1.0,270,2019-11-12,Jazmine Michelle Lee,F,270,2019-11-12,Jazmine Michelle Lee,F,"{""birth_date"": 1.0, ""name"": 1.0, ""name_tftoken"": 1.0}",,,,
xwd:sha256:6b5b80bfa66246478026172fe388ec6c1da6896b957fd88793db332e34a14c45,match,1.0,1.0,274,2019-06-20,Corey James Jackson,M,274,2019-06-20,Corey James Jackson,M,"{""birth_date"": 1.0, ""name"": 1.0, ""name_tftoken"": 1.0}",,,,
xwd:sha256:89bde5de03ab86f2a1ee89a77879be7fa0bfee6fec7cfb3afd34f064e477eb8f,match,1.0,1.0,277,2018-09-28,Andre Lamar Lewis,M,277,2018-09-28,Andre Lamar Lewis,M,"{""birth_date"": 1.0, ""name"": 1.0, ""name_tftoken"": 1.0}",,,,
xwd:sha256:8dd3488e9e90f165d934c0bf11b97fcdeae3038529de2a252547422f6f668d67,match,1.0,1.0,280,2017-11-09,Terrence Michael Wilson,M,280,2017-11-09,Terrence Michael Wilson,M,"{""birth_date"": 1.0, ""name"": 1.0, ""name_tftoken"": 1.0}",,,,
xwd:sha256:40dc3693b7b61c4ceaf93e891890d173f44bf2a24232e120fd283e9fabc0d0bd,match,1.0,1.0,282,2019-10-08,Clarence Jerome Wright,,282,2019-10-08,Clarence Jerome Wright,M,"{""birth_date"": 1.0, ""name"": 1.0, ""name_tftoken"": 1.0}",,,,
xwd:sha256:6a6390e65bfcf0ab50ad1d45c323b86b0bffa026e3dfcc4769122ddd689c8070,match,1.0,1.0,286,2019-12-14,Marquis Alexander Anderson,,286,2019-12-14,Marquis Alexander Anderson,M,"{""birth_date"": 1.0, ""name"": 1.0, ""name_tftoken"": 1.0}",,,,
xwd:sha256:fda9d3dbe5133375b1c1d9ce73efb9d659ad038275cd747861752662ed6eee4c,match,1.0,1.0,288,2017-05-02,Cedric Lamar Baker,M,288,2017-05-02,Cedric Lamar Baker,M,"{""birth_date"": 1.0, ""name"": 1.0, ""name_tftoken"": 1.0}",,,,
xwd:sha256:9b262ce3ccf9ae5dee3c0cb137d72802f133a6df4ed159684ac6955910de4391,match,1.0,1.0,292,2017-10-04,Rashad Malik Davis,M,292,2017-10-04,Rashad Malik Davis,M,"{""birth_date"": 1.0, ""name"": 1.0, ""name_tftoken"": 1.0}",,,,
xwd:sha256:f780c51aa3fe48425caffcbc9a2bab28e033f037a4c5ce13c304e17ef3dda969,match,1.0,1.0,298,2019-09-23,Terrance Alexander Jackson,M,298,2019-09-23,Terrance Alexander Jackson,M,"{""birth_date"": 1.0, ""name"": 1.0, ""name_tftoken"": 1.0}",,,,
xwd:sha256:1d344d99d8f53d586b42c00191d5cb1d4e15cc1cbea6f1c2c889425c8351e0f0,match,1.0,1.0,308,2018-11-14,Amelia Faith Robinson,,308,2018-11-14,Amelia Faith Robinson,F,"{""birth_date"": 1.0, ""name"": 1.0, ""name_tftoken"": 1.0}",,,,
xwd:sha256:7ba9aeabb42b7ee63b4194ae51dcae7e9ed7d409c1ea02bb9f0d735bd9647625,match,1.0,1.0,315,2018-03-03,Evelyn Faith Davis,F,315,2018-03-03,Evelyn Faith Davis,F,"{""birth_date"": 1.0, ""name"": 1.0, ""name_tftoken"": 1.0}",,,,
xwd:sha256:18f09fb756e55927ee9960072f35780d2b2f6f07fdf81958cb66d216f01e0e83,match,1.0,1.0,317,2017-12-18,Chloe Isabella Lee,F,317,2017-12-18,Chloe Isabella Lee,F,"{""birth_date"": 1.0, ""name"": 1.0, ""name_tftoken"": 1.0}",,,,
xwd:sha256:07e6a2f2f29ed73595d4a0f2b7935e9c7f587a2ec68b869164e12d71437b5db5,match,1.0,1.0,322,2017-10-15,Zoey Elizabeth Kim,F,322,2017-10-15,Zoey Elizabeth Kim,F,"{""birth_date"": 1.0, ""name"": 1.0, ""name_tftoken"": 1.0}",,,,
xwd:sha256:54883e436e1101fb00de194fa5249e41ec08aec79466be1de44fa7399bca3244,match,1.0,1.0,325,2020-11-26,Ariana Elizabeth Lee,F,325,2020-11-26,Ariana Elizabeth Lee,F,"{""birth_date"": 1.0, ""name"": 1.0, ""name_tftoken"": 1.0}",,,,
xwd:sha256:77f8190a43eaeaffbdb2dca80c598488ae351cf29eedd60e98ccc6e6d784d433,match,1.0,1.0,331,2018-04-04,Claire Olivia Robinson,F,331,2018-04-04,Claire Olivia Robinson,F,"{""birth_date"": 1.0, ""name"": 1.0, ""name_tftoken"": 1.0}",,,,
xwd:sha256:4abf52e0475c5d3630648809ffb3c706c47342da27663b3e785dce3acb4b9c26,match,1.0,1.0,333,2017-06-13,Autumn Elizabeth Wilson,F,333,2017-06-13,Autumn Elizabeth Wilson,F,"{""birth_date"": 1.0, ""name"": 1.0, ""name_tftoken"": 1.0}",,,,
xwd:sha256:f43df751ba6b9d2dbf308714ac41dfadd9172a581cd6d9022845277d843cb9dc,match,1.0,1.0,334,2020-03-10,Paisley Rose Lee,F,334,2020-03-10,Paisley Rose Lee,F,"{""birth_date"": 1.0, ""name"": 1.0, ""name_tftoken"": 1.0}",,,,
xwd:sha256:6161e4e3eb0dc704fa2a4dad889fdfddffb39a944fd5f8cdd7045e19b377c98d,match,1.0,1.0,336,2018-11-18,Everly Sophia Davis,F,336,2018-11-18,Everly Sophia Davis,F,"{""birth_date"": 1.0, ""name"": 1.0, ""name_tftoken"": 1.0}",,,,
xwd:sha256:b0ad3323209dd1d2378e338542215141f9016725a0e386dcc51e103d20d6b1b7,match,1.0,1.0,339,2020-05-24,Julia Marie Robinson,F,339,2020-05-24,Julia Marie Robinson,F,"{""birth_date"": 1.0, ""name"": 1.0, ""name_tftoken"": 1.0}",,,,
xwd:sha256:b1fc21b191971ebf575846d0b0135f9640a8cc8e9c72b88f8ccbe66f1bfc8c1f,match,1.0,1.0,347,2017-10-10,Hadley Elizabeth Wilson,M,347,2017-10-10,Hadley Elizabeth Wilson,F,"{""birth_date"": 1.0, ""name"": 1.0, ""name_tftoken"": 1.0}",,,,
xwd:sha256:83476a56e0de97c6be667197d4a28c97e3deec8702309c300464e15ac077b277,match,1.0,1.0,361,2017-01-24,Naomi Elizabeth Smith,,361,2017-01-24,Naomi Elizabeth Smith,F,"{""birth_date"": 1.0, ""name"": 1.0, ""name_tftoken"": 1.0}",,,,
xwd:sha256:31932f591e5b5d2ba39fa003148b7cab49948efdb8c493fe46adf54178424ddc,match,1.0,1.0,363,2020-02-09,Piper Victoria Davis,F,363,2020-02-09,Piper Victoria Davis,F,"{""birth_date"": 1.0, ""name"": 1.0, ""name_tftoken"": 1.0}",,,,
xwd:sha256:a0337e3f7864d39e5f26520055fdb554d1be92d94a093b7221b0bb78863fef80,match,1.0,1.0,366,2017-09-01,Hope Olivia Robinson,F,366,2017-09-01,Hope Olivia Robinson,F,"{""birth_date"": 1.0, ""name"": 1.0, ""name_tftoken"": 1.0}",,,,
xwd:sha256:a7bea436d8402f99639e1931ae53001145cc5c87730b65bea1f9e639223d1258,match,1.0,1.0,369,2019-08-04,Charlotte Nicole Kim,F,369,2019-08-04,Charlotte Nicole Kim,F,"{""birth_date"": 1.0, ""name"": 1.0, ""name_tftoken"": 1.0}",,,,
xwd:sha256:efd5a4404eed8423c479552ea95b9aea89379c1373b96afc3c9e357f6a50cccd,match,1.0,1.0,370,2017-02-13,Isabella Marie Singh,F,370,2017-02-13,Isabella Marie Singh,F,"{""birth_date"": 1.0, ""name"": 1.0, ""name_tftoken"": 1.0}",,,,
xwd:sha256:5d8e1ebd297a6eb7e386072fad5db25fa16f570cada477354dc5ea79bac2e3e2,match,1.0,1.0,373,2017-06-16,Amelia Claire Williams,F,373,2017-06-16,Amelia Claire Williams,F,"{""birth_date"": 1.0, ""name"": 1.0, ""name_tftoken"": 1.0}",,,,
xwd:sha256:9bc9c0f1aa8d460dcc75d424ba889dd451a12a44d1ed8c1aba73ad281e42a5df,match,1.0,1.0,379,2018-12-14,Harper Jane Garcia,F,379,2018-12-14,Harper Jane Garcia,F,"{""birth_date"": 1.0, ""name"": 1.0, ""name_tftoken"": 1.0}",,,,
xwd:sha256:29606983a0f35cb0099bc1a45587efb91e464757f3c667fe1073f3677a990872,match,1.0,1.0,387,2018-06-28,Eleanor Joy Lewis,F,387,2018-06-28,Eleanor Joy Lewis,F,"{""birth_date"": 1.0, ""name"": 1.0, ""name_tftoken"": 1.0}",,,,
xwd:sha256:ff8ff54a83a470cadf788aad5364a7b27249ffd0c7d4dbbb4709aa49687caf7b,match,1.0,1.0,394,2019-02-23,Audrey Faith Lee,F,394,2019-02-23,Audrey Faith Lee,F,"{""birth_date"": 1.0, ""name"": 1.0, ""name_tftoken"": 1.0}",,,,
xwd:sha256:b25b58aa2ccd4e43c3b186689a3305a107ed487cbd8ad869961f74990c3547aa,match,1.0,1.0,399,2016-11-02,Savannah Grace Patel,F,399,2016-11-02,Savannah Grace Patel,F,"{""birth_date"": 1.0, ""name"": 1.0, ""name_tftoken"": 1.0}",,,,
xwd:sha256:f75eba3441535f7e9e78b1969d83a0c7228e8dcedaca65ff80e43c16022729f7,match,1.0,1.0,413,2019-02-08,Hadley Lynn Hernandez,F,413,2019-02-08,Hadley Lynn Hernandez,F,"{""birth_date"": 1.0, ""name"": 1.0, ""name_tftoken"": 1.0}",,,,
xwd:sha256:e43d1d38dab0c0d71acbb96cfee28881f9169c9e9f2e02323008d436f7411141,match,1.0,1.0,414,2020-10-13,Reese Hope Taylor,F,414,2020-10-13,Reese Hope Taylor,F,"{""birth_date"": 1.0, ""name"": 1.0, ""name_tftoken"": 1.0}",,,,
xwd:sha256:bd0f359b9fdfee8dc5e25fce7b0d2a573c761cc604d33395e39360b9de393a64,match,1.0,1.0,417,2016-12-16,Paisley Jane Lewis,F,417,2016-12-16,Paisley Jane Lewis,F,"{""birth_date"": 1.0, ""name"": 1.0, ""name_tftoken"": 1.0}",,,,
xwd:sha256:31109ca997b58221a364d070ae8d57d1c942ccbe12c58d3dd2f12a7950e43345,match,1.0,1.0,420,2017-01-12,Molly Faith Collins,F,420,2017-01-12,Molly Faith Collins,F,"{""birth_date"": 1.0, ""name"": 1.0, ""name_tftoken"": 1.0}",,,,
xwd:sha256:cbf8dba6c3f3d17d87036b5257320d30f5746029ae0be066fa0de571449e5c6b,match,1.0,1.0,427,2017-08-14,Poppy Rose Williams,F,427,2017-08-14,Poppy Rose Williams,F,"{""birth_date"": 1.0, ""name"": 1.0, ""name_tftoken"": 1.0}",,,,
xwd:sha256:c31521fc0409c202a6d4e7d70e6c2e2ecb8e3028ccb63f3cc5b4a2dadd48d7dd,match,1.0,1.0,431,2019-07-05,Phoebe Marie Kim,F,431,2019-07-05,Phoebe Marie Kim,F,"{""birth_date"": 1.0, ""name"": 1.0, ""name_tftoken"": 1.0}",,,,
xwd:sha256:cbf5d88797d2340fb8d5b2cf2e1ced4f85498a660f84e9b17e01c0341275cc44,match,1.0,1.0,434,2017-04-21,Alexa Marie Johnson,F,434,2017-04-21,Alexa Marie Johnson,F,"{""birth_date"": 1.0, ""name"": 1.0, ""name_tftoken"": 1.0}",,,,
xwd:sha256:aa5bec247b6fbc1542257fa55a77a27216911ac171515cd33c3cd6b38b085acd,match,1.0,1.0,438,2016-12-22,Autumn Marie Miller,F,438,2016-12-22,Autumn Marie Miller,F,"{""birth_date"": 1.0, ""name"": 1.0, ""name_tftoken"": 1.0}",,,,
xwd:sha256:fe65093ab51ed2b4934b8f8165742a4758dfd409587e2959223f264bf3275a43,match,1.0,1.0,439,2018-05-30,Brooklyn Jane Garcia,F,439,2018-05-30,Brooklyn Jane Garcia,F,"{""birth_date"": 1.0, ""name"": 1.0, ""name_tftoken"": 1.0}",,,,
xwd:sha256:1d5d014da79a15c842c4be87c785d2da61ff2d0472d49d143c7a4ba798ee5b9d,match,1.0,1.0,440,2017-03-01,Claire Elizabeth Brown,,440,2017-03-01,Claire Elizabeth Brown,F,"{""birth_date"": 1.0, ""name"": 1.0, ""name_tftoken"": 1.0}",,,,
xwd:sha256:28db963c8a50b440dbe213c172d75d7c2fadf6c61aab34b8f56e3885663d7081,match,1.0,1.0,442,2018-11-18,Piper Lynn Wright,F,442,2018-11-18,Piper Lynn Wright,F,"{""birth_date"": 1.0, ""name"": 1.0, ""name_tftoken"": 1.0}",,,,
xwd:sha256:0c027890b98c64e449619f4b77c13122adbacb4b274a315b51f39776e5d69334,match,1.0,1.0,445,2020-01-06,Lily Marie Smith,F,445,2020-01-06,Lily Marie Smith,F,"{""birth_date"": 1.0, ""name"": 1.0, ""name_tftoken"": 1.0}",,,,
xwd:sha256:cfcfe04133171e162f8354dde884b360011e3af00727c3e5c19afd470afb1519,match,1.0,1.0,446,2016-09-11,Harper Jean Cooper,,446,2016-09-11,Harper Jean Cooper,F,"{""birth_date"": 1.0, ""name"": 1.0, ""name_tftoken"": 1.0}",,,,
xwd:sha256:6559b5f27130ce5b96c82da59d60a82a2c0cb07613a95daa01acb16093631d46,match,1.0,1.0,451,2019-08-03,Sophia Hope Kim,F,451,2019-08-03,Sophia Hope Kim,F,"{""birth_date"": 1.0, ""name"": 1.0, ""name_tftoken"": 1.0}",,,,
xwd:sha256:28419d6e99d078be912a97f703bd6f7bb4faec214d25a5368a1b6257fcae5263,match,1.0,1.0,454,2018-09-08,Lily Faith Lee,F,454,2018-09-08,Lily Faith Lee,F,"{""birth_date"": 1.0, ""name"": 1.0, ""name_tftoken"": 1.0}",,,,
xwd:sha256:94c4b6817b5a1f4a858dedf3e265386499fc608d378743ea078f31344e13812d,match,1.0,1.0,458,2018-12-27,Zoey Marie Davis,F,458,2018-12-27,Zoey Marie Davis,F,"{""birth_date"": 1.0, ""name"": 1.0, ""name_tftoken"": 1.0}",,,,
xwd:sha256:1a069420622323b25e8f9aec0f12815fbe96350d0fc701aceeca70d27aa440a6,match,1.0,1.0,471,2016-02-19,William Matthew Campbell,M,471,2016-02-19,William Matthew Campbell,M,"{""birth_date"": 1.0, ""name"": 1.0, ""name_tftoken"": 1.0}",,,,
xwd:sha256:872db5e4465a269e77e14fd4072eea806546fcf1bdfef9a926ac971e06dec87d,match,1.0,1.0,479,2019-11-03,Ryan Christopher Taylor,M,479,2019-11-03,Ryan Christopher Taylor,M,"{""birth_date"": 1.0, ""name"": 1.0, ""name_tftoken"": 1.0}",,,,
xwd:sha256:7c0576e56494c268657b9da7c2496197a5e4d6e64ed6ab4f09bb08068b884e19,match,1.0,1.0,482,2016-07-22,Joseph Brandon Lee,M,482,2016-07-22,Joseph Brandon Lee,M,"{""birth_date"": 1.0, ""name"": 1.0, ""name_tftoken"": 1.0}",,,,
xwd:sha256:ba045ab8679e766f58ae9944746282dbed6779308414379377e459a91c2d2c3f,match,1.0,1.0,485,2018-10-30,Brandon Alexander Torres,M,485,2018-10-30,Brandon Alexander Torres,M,"{""birth_date"": 1.0, ""name"": 1.0, ""name_tftoken"": 1.0}",,,,
xwd:sha256:991f39b25fb831bbd8ca38c00127682b1c50425510f5d7f04daefc1c4c080765,match,1.0,1.0,488,2016-08-05,Kevin Alexander Perez,M,488,2016-08-05,Kevin Alexander Perez,M,"{""birth_date"": 1.0, ""name"": 1.0, ""name_tftoken"": 1.0}",,,,
xwd:sha256:d4105a088f291def088a5732aafeeadd97fce15e3d4f661b4a42c9df886d1f3c,match,1.0,1.0,492,2019-09-10,Justin Michael Foster,M,492,2019-09-10,Justin Michael Foster,M,"{""birth_date"": 1.0, ""name"": 1.0, ""name_tftoken"": 1.0}",,,,
xwd:sha256:61c9219c632cc95e3206dbba47330131146c1e4824f13d60dddbacce2b115775,match,1.0,1.0,494,2016-11-06,Timothy Steven Rodriguez,M,494,2016-11-06,Timothy Steven Rodriguez,M,"{""birth_date"": 1.0, ""name"": 1.0, ""name_tftoken"": 1.0}",,,,
xwd:sha256:e177ff0ab34d8f187a0a7b38aeead3ea6086b782b2cd657bbbb962eab2c20a0a,match,1.0,1.0,499,2017-03-19,Alexander Nicholas Young,M,499,2017-03-19,Alexander Nicholas Young,M,"{""birth_date"": 1.0, ""name"": 1.0, ""name_tftoken"": 1.0}",,,,
xwd:sha256:ca661524e18f47877b22f268bc734aa64f9bdd80e94bec1f6ce900028b8b1543,match,1.0,1.0,500,2016-10-19,Dylan Benjamin Hall,M,500,2016-10-19,Dylan Benjamin Hall,M,"{""birth_date"": 1.0, ""name"": 1.0, ""name_tftoken"": 1.0}",,,,
xwd:sha256:dc979b683d41bca95e244a2b8bb40a6b46e44c8b6c749b29d9d6cbb24549a5b2,match,1.0,1.0,503,2020-12-08,Mason Joseph Lewis,M,503,2020-12-08,Mason Joseph Lewis,M,"{""birth_date"": 1.0, ""name"": 1.0, ""name_tftoken"": 1.0}",,,,
xwd:sha256:bbdd29964fa6858f734f65f65fe8ab1ed6a137a9d703977b2893f507675f397d,match,1.0,1.0,509,2017-08-30,Cody Richard Clark,M,509,2017-08-30,Cody Richard Clark,M,"{""birth_date"": 1.0, ""name"": 1.0, ""name_tftoken"": 1.0}",,,,
xwd:sha256:cef497de52578b98327ae28925fe4c0ed3f1166396eefe410fd55bd3089a9b8c,match,1.0,1.0,516,2016-02-23,Tyler James Perez,,516,2016-02-23,Tyler James Perez,M,"{""birth_date"": 1.0, ""name"": 1.0, ""name_tftoken"": 1.0}",,,,
xwd:sha256:d4a3c278404f65284c4a4dd08479fd0d814a3714bea12c723e065af1824a8db3,match,1.0,1.0,520,2020-01-01,Nicholas Joseph Roberts,M,520,2020-01-01,Nicholas Joseph Roberts,M,"{""birth_date"": 1.0, ""name"": 1.0, ""name_tftoken"": 1.0}",,,,
xwd:sha256:3b97502ce51903f0d63384cfac72fefcb4c8aa821fc8776e9f4712e41f4440a0,match,1.0,1.0,526,2020-04-22,Daniel Matthew Ramirez,M,526,2020-04-22,Daniel Matthew Ramirez,M,"{""birth_date"": 1.0, ""name"": 1.0, ""name_tftoken"": 1.0}",,,,
xwd:sha256:6840c9f2de5387cd9dee9b5f91762c2d9aaaa123dd39259ee0a1c31bfbac2c13,match,1.0,1.0,530,2017-03-24,Nicholas Christopher Taylor,M,530,2017-03-24,Nicholas Christopher Taylor,M,"{""birth_date"": 1.0, ""name"": 1.0, ""name_tftoken"": 1.0}",,,,
xwd:sha256:2c6f74177cac13b741ee277d63f822af1cd4cf1ad58b578dc285b616267f42b9,match,1.0,1.0,534,2017-12-05,Nathan Matthew Robinson,M,534,2017-12-05,Nathan Matthew Robinson,M,"{""birth_date"": 1.0, ""name"": 1.0, ""name_tftoken"": 1.0}",,,,
xwd:sha256:6a067e894975af18b691fd7b69a7d0469d0ea635a762a2fa091e6a4257a6eb29,match,1.0,1.0,543,2019-02-18,Caleb Michael Cooper,M,543,2019-02-18,Caleb Michael Cooper,M,"{""birth_date"": 1.0, ""name"": 1.0, ""name_tftoken"": 1.0}",,,,
xwd:sha256:ee14ab33b8325a74be1f48cadf8cc8a468d5228dc0d5fb8be524abc0349e76ae,match,1.0,1.0,546,2020-07-07,Robert Joseph Morris,M,546,2020-07-07,Robert Joseph Morris,M,"{""birth_date"": 1.0, ""name"": 1.0, ""name_tftoken"": 1.0}",,,,
xwd:sha256:352ebca881d101005d362b5a1fb238dced84f46aff3237f34ba9a6e4c0c5574b,match,1.0,1.0,548,2017-01-31,Christopher Ryan Clark,M,548,2017-01-31,Christopher Ryan Clark,M,"{""birth_date"": 1.0, ""name"": 1.0, ""name_tftoken"": 1.0}",,,,
xwd:sha256:b437cbedf8fcbc6320448a2e96ee0bd0e7eeb92b1049c41b3344a206fcdadb8d,match,1.0,1.0,556,2019-12-28,Mason Christopher Perez,M,556,2019-12-28,Mason Christopher Perez,M,"{""birth_date"": 1.0, ""name"": 1.0, ""name_tftoken"": 1.0}",,,,
xwd:sha256:6ba9dd1b633fd76a3624ff3f5b713f81e3a180df9dd42faf8c912dd576da5fa1,match,1.0,1.0,560,2016-03-25,Brian David Ramirez,M,560,2016-03-25,Brian David Ramirez,M,"{""birth_date"": 1.0, ""name"": 1.0, ""name_tftoken"": 1.0}",,,,
xwd:sha256:7887fa62400dd0836618640700a75f7f1484cd847fe8b4a55664e2030b53e57a,match,1.0,1.0,567,2020-12-10,William Patrick Edwards,M,567,2020-12-10,William Patrick Edwards,M,"{""birth_date"": 1.0, ""name"": 1.0, ""name_tftoken"": 1.0}",,,,
xwd:sha256:109ea8acadb2d4104e31bc3f03d9e97d3180b09a2e1f967fbe3ab36277fad89f,match,1.0,1.0,568,2016-05-14,Tyler James Miller,M,568,2016-05-14,Tyler James Miller,M,"{""birth_date"": 1.0, ""name"": 1.0, ""name_tftoken"": 1.0}",,,,
xwd:sha256:6bc688f65d1d14deca2aed262b002782497701090c640c9a689641b426661f8f,match,1.0,1.0,572,2020-01-20,Christopher Matthew Ross,M,572,2020-01-20,Christopher Matthew Ross,M,"{""birth_date"": 1.0, ""name"": 1.0, ""name_tftoken"": 1.0}",,,,
xwd:sha256:b52f84bc27b371ba5c5fd6cfebf9a36f416bb7d7d141396a48b110134b75ca82,match,1.0,1.0,574,2018-11-11,Timothy John Wright,M,574,2018-11-11,Timothy John Wright,M,"{""birth_date"": 1.0, ""name"": 1.0, ""name_tftoken"": 1.0}",,,,
xwd:sha256:9372ab6a99cf61dee21149f9cb4ea22e197210f60e469b54e12c2541e61848a7,match,1.0,1.0,577,2016-02-12,Alexander Joseph Brooks,M,577,2016-02-12,Alexander Joseph Brooks,M,"{""birth_date"": 1.0, ""name"": 1.0, ""name_tftoken"": 1.0}",,,,
xwd:sha256:178102d96915cfa3e09f5768e4c09f7cffb549627de08fae0b823db991b0b6d5,match,1.0,1.0,586,2019-02-03,Adam William Hayes,M,586,2019-02-03,Adam William Hayes,M,"{""birth_date"": 1.0, ""name"": 1.0, ""name_tftoken"": 1.0}",,,,
xwd:sha256:b7f506734c37cb4126374a83d8cc265a13280c27f16de28a58ac20e74a597d39,match,1.0,1.0,589,2020-07-02,Steven Joseph Collins,M,589,2020-07-02,Steven Joseph Collins,M,"{""birth_date"": 1.0, ""name"": 1.0, ""name_tftoken"": 1.0}",,,,
xwd:sha256:30455979bcfe72f0e9b41dd3b15feb1d2e5ab3a07a9f0951e1f321e45552b486,match,1.0,1.0,592,2018-08-15,Christopher John Watson,M,592,2018-08-15,Christopher John Watson,M,"{""birth_date"": 1.0, ""name"": 1.0, ""name_tftoken"": 1.0}",,,,
xwd:sha256:301061f8ff46beab58e0f4280fcf52406151e7a3de677e3af19308601b499f83,match,1.0,1.0,593,2016-11-28,Ryan Alexander Cox,M,593,2016-11-28,Ryan Alexander Cox,M,"{""birth_date"": 1.0, ""name"": 1.0, ""name_tftoken"": 1.0}",,,,
xwd:sha256:31b24d62e27ffa582cf7ea54a6abb9c554c9ea817c5aa5d3248df4b1c8b4a613,match,1.0,1.0,619,2017-06-08,William Andrew Reyes,M,619,2017-06-08,William Andrew Reyes,M,"{""birth_date"": 1.0, ""name"": 1.0, ""name_tftoken"": 1.0}",,,,
xwd:sha256:3663aa032b433e00c79b1762e3f9292342ce8320e92f6aaa490dd0d9281ef7a8,match,1.0,1.0,621,2017-03-22,Matthew Ryan Coleman,M,621,2017-03-22,Matthew Ryan Coleman,M,"{""birth_date"": 1.0, ""name"": 1.0, ""name_tftoken"": 1.0}",,,,
xwd:sha256:bdd9c05e652c2918cfd2f5aa875edcf9d94a64358b7f86d2189942e71ed6d6ac,match,1.0,1.0,626,2019-06-12,Charles Joseph Sullivan,,626,2019-06-12,Charles Joseph Sullivan,M,"{""birth_date"": 1.0, ""name"": 1.0, ""name_tftoken"": 1.0}",,,,
xwd:sha256:94024dc7dabf3846062c0945e7adccfd28658fd40808273ee2e299b5bb15b76b,match,1.0,1.0,629,2018-10-24,William Joseph Kim,,629,2018-10-24,William Joseph Kim,M,"{""birth_date"": 1.0, ""name"": 1.0, ""name_tftoken"": 1.0}",,,,
xwd:sha256:1029e99f41e1564d0a36851b7c626a975eb2732438259674d98946d5c314b19a,match,1.0,1.0,635,2019-11-29,Joseph Jonathan Cox,M,635,2019-11-29,Joseph Jonathan Cox,M,"{""birth_date"": 1.0, ""name"": 1.0, ""name_tftoken"": 1.0}",,,,
xwd:sha256:84322b87e14e4e687e33106d9b80c89b1005744a0fa660cf079eaa03c8f39523,match,1.0,1.0,637,2018-09-09,Kevin Paul Brown,M,637,2018-09-09,Kevin Paul Brown,M,"{""birth_date"": 1.0, ""name"": 1.0, ""name_tftoken"": 1.0}",,,,
xwd:sha256:ab09b308e5a473752bb91579a2b2403d77b62416591f061563922b5fb58b6204,match,1.0,1.0,638,2020-07-24,Brandon Anthony Green,M,638,2020-07-24,Brandon Anthony Green,M,"{""birth_date"": 1.0, ""name"": 1.0, ""name_tftoken"": 1.0}",,,,
xwd:sha256:63c6600e609ea34e2864c80f6f7c38ab8bc4df5e77f4f4f521e5fd57be28bb81,match,1.0,1.0,641,,Justin Patrick Wood,M,641,2017-11-12,Justin Patrick Wood,M,"{""name"": 1.0, ""name_tftoken"": 1.0}",,,,
xwd:sha256:6c3ea3bfd88bfd8f9d20ab98ee82120205fc442acf32820baa4a7dca67904983,match,1.0,1.0,657,2018-03-16,Jacob Timothy Thompson,M,657,2018-03-16,Jacob Timothy Thompson,M,"{""birth_date"": 1.0, ""name"": 1.0, ""name_tftoken"": 1.0}",,,,
xwd:sha256:1c8ffc968fe9f9c6848230d97c3f412c5f5d512fe70a151a1146a3b9b02801d2,match,1.0,1.0,660,2019-09-06,Alexander David Wright,M,660,2019-09-06,Alexander David Wright,M,"{""birth_date"": 1.0, ""name"": 1.0, ""name_tftoken"": 1.0}",,,,
xwd:sha256:0fabd8c67f8d06c2808500f452213c82a01de76549e931a1c033a9a0ce486042,match,1.0,1.0,661,2018-05-12,Benjamin Tyler Hernandez,M,661,2018-05-12,Benjamin Tyler Hernandez,M,"{""birth_date"": 1.0, ""name"": 1.0, ""name_tftoken"": 1.0}",,,,
xwd:sha256:ddb4d36dc4b27befa960091f0830b25fdb32abe27f6ce0501a4de442c8b2b830,match,1.0,1.0,666,2020-12-28,Kevin Jacob White,M,666,2020-12-28,Kevin Jacob White,M,"{""birth_date"": 1.0, ""name"": 1.0, ""name_tftoken"": 1.0}",,,,
xwd:sha256:5c483f280de63849b9ae753d85dccc800f39baf925942c3125993dfd59067f53,match,1.0,1.0,680,2018-08-25,Tao Wei Zhang,M,680,2018-08-25,Tao Wei Zhang,M,"{""birth_date"": 1.0, ""name"": 1.0, ""name_tftoken"": 1.0}",,,,
xwd:sha256:b11a07c58e38b2220d9b8f89f6b8e37b49d59224a9873da382ba21a9470262ea,match,1.0,1.0,681,2019-02-07,Shinichi Nakamura Ito,M,681,2019-02-07,Shinichi Nakamura Ito,M,"{""birth_date"": 1.0, ""name"": 1.0, ""name_tftoken"": 1.0}",,,,
xwd:sha256:f7c717ee8160979b3dd2ba9223fa0775fc99972b21b394075982c684eac43581,match,1.0,1.0,690,2016-09-15,Seunghee Lee Kim,M,690,2016-09-15,Seunghee Lee Kim,M,"{""birth_date"": 1.0, ""name"": 1.0, ""name_tftoken"": 1.0}",,,,
xwd:sha256:d746bb741768edc941bd4bb9d009a40b846a9086f7a346c30c41886a6f7cc8b2,match,1.0,1.0,692,2019-11-04,Yuki Suki Matsuda,F,692,2019-11-04,Yuki Suki Matsuda,F,"{""birth_date"": 1.0, ""name"": 1.0, ""name_tftoken"": 1.0}",,,,
xwd:sha256:d87fabd3890b10be1b779b2731f540a4eee9b79f5f103ecae9959fe1f6352909,match,1.0,1.0,695,2018-06-27,Zhang Jun Liu,M,695,2018-06-27,Zhang Jun Liu,M,"{""birth_date"": 1.0, ""name"": 1.0, ""name_tftoken"": 1.0}",,,,
xwd:sha256:88c0a645f00b39a143997139bc77e9f5d6b542f2a617682a091f7d56a86d4d40,match,1.0,1.0,698,2017-11-22,Hanae So Tanaka,F,698,2017-11-22,Hanae So Tanaka,F,"{""birth_date"": 1.0, ""name"": 1.0, ""name_tftoken"": 1.0}",,,,
xwd:sha256:b8c825ff4f7eac2fce1cabcfaf7bfeb8f9329bfd2adf3f51adb3f06ae7839058,match,1.0,1.0,707,2019-09-20,Lucia Raquel Lopez,F,707,2019-09-20,Lucia Raquel Lopez,F,"{""birth_date"": 1.0, ""name"": 1.0, ""name_tftoken"": 1.0}",,,,
xwd:sha256:1edc12a4f739a688fee1a4244ed8d320b5e115939a6a9d800fc5f01f6acca04a,match,1.0,1.0,709,2018-08-12,Gloria Beatriz Ortiz,F,709,2018-08-12,Gloria Beatriz Ortiz,F,"{""birth_date"": 1.0, ""name"": 1.0, ""name_tftoken"": 1.0}",,,,
xwd:sha256:8bc7f675cd6824ac5cc0b48eada9043f76e5b53d4f899a0c73f93e65929c50e5,match,1.0,1.0,717,2019-09-30,Ximena Guadalupe Gonzalez,F,717,2019-09-30,Ximena Guadalupe Gonzalez,F,"{""birth_date"": 1.0, ""name"": 1.0, ""name_tftoken"": 1.0}",,,,
xwd:sha256:bf2b932494ef847cfe921dc0b27428bb237d37443b724f206e54db12dd89b166,match,1.0,1.0,718,2018-06-17,Lorena Patricia Pacheco,F,718,2018-06-17,Lorena Patricia Pacheco,F,"{""birth_date"": 1.0, ""name"": 1.0, ""name_tftoken"": 1.0}",,,,
xwd:sha256:431dc421a937f3bd47c96ba73efc8aada8b30b4c98173cc532654168edd7e0bb,match,1.0,1.0,721,2016-03-31,Ana Cecilia Navarro,F,721,2016-03-31,Ana Cecilia Navarro,F,"{""birth_date"": 1.0, ""name"": 1.0, ""name_tftoken"": 1.0}",,,,
xwd:sha256:085f8b4fffd888a6ac43031029e4b800d95b0f1fd0b2cdfda4fb677632c7e4be,match,1.0,1.0,722,2019-07-25,Isadora Renata Velazquez,F,722,2019-07-25,Isadora Renata Velazquez,F,"{""birth_date"": 1.0, ""name"": 1.0, ""name_tftoken"": 1.0}",,,,
xwd:sha256:5eeb95bb0a7c9f0ac4694dab7bee552d3346335c35ccffe14edd081186be0fb7,match,1.0,1.0,726,2016-06-11,Sofia Esperanza Fuentes,F,726,2016-06-11,Sofia Esperanza Fuentes,F,"{""birth_date"": 1.0, ""name"": 1.0, ""name_tftoken"": 1.0}",,,,
xwd:sha256:4fb09bb8bc41c0d38646827f138799080d60b4873b6f0b09af27b556f277c74c,match,1.0,1.0,729,2019-03-09,Anabel Lourdes Aguilar,F,729,2019-03-09,Anabel Lourdes Aguilar,F,"{""birth_date"": 1.0, ""name"": 1.0, ""name_tftoken"": 1.0}",,,,
xwd:sha256:948bf3a6644c46a85dbeec0724401f8ea731522886b0b0e1bba5f104f47d2f31,match,1.0,1.0,751,2020-10-15,Daniela Gabriela Roman,F,751,2020-10-15,Daniela Gabriela Roman,F,"{""birth_date"": 1.0, ""name"": 1.0, ""name_tftoken"": 1.0}",,,,
xwd:sha256:53224e70e8590acf8bc2b3d2613f870a8ad882a7de7a1990b9098c427e78f1f3,match,1.0,1.0,753,2018-07-08,Andrea Yaretzi Velasco,F,753,2018-07-08,Andrea Yaretzi Velasco,F,"{""birth_date"": 1.0, ""name"": 1.0, ""name_tftoken"": 1.0}",,,,
xwd:sha256:4c93ff84e93769c78c4d9bf7d431c77719b98a13e7ed1abbfb3bb0e37baf286b,match,1.0,1.0,755,2017-04-07,Gloria Xochitl Moreno,F,755,2017-04-07,Gloria Xochitl Moreno,F,"{""birth_date"": 1.0, ""name"": 1.0, ""name_tftoken"": 1.0}",,,,
xwd:sha256:81685d837ff69dea7540a1ac2ab2da17af592bf9ec0022086a9a85d133dcaeb5,match,1.0,1.0,756,2016-12-10,Emilia Ivonne Sepulveda,F,756,2016-12-10,Emilia Ivonne Sepulveda,F,"{""birth_date"": 1.0, ""name"": 1.0, ""name_tftoken"": 1.0}",,,,
xwd:sha256:6f5dd0b7b007f4eb6ac69f39ed6cfaa53a046a01854112c1029e25dbde7bdc4d,match,1.0,1.0,772,2020-10-16,Marisol Esther Barrera,F,772,2020-10-16,Marisol Esther Barrera,F,"{""birth_date"": 1.0, ""name"": 1.0, ""name_tftoken"": 1.0}",,,,
xwd:sha256:dc2dd24c4b70da71c54b0da1fdd73d54db69b3d7284eeee2e4bda9703ded6325,match,1.0,1.0,774,2018-07-31,Priscila Ana Valenzuela,F,774,2018-07-31,Priscila Ana Valenzuela,F,"{""birth_date"": 1.0, ""name"": 1.0, ""name_tftoken"": 1.0}",,,,
xwd:sha256:0231abcb80e828dc1e70f79882ce87d8ed05996541a1576e4f286fe0b4e580c1,match,1.0,1.0,776,2017-11-04,Leticia Itzel Valencia,F,776,2017-11-04,Leticia Itzel Valencia,F,"{""birth_date"": 1.0, ""name"": 1.0, ""name_tftoken"": 1.0}",,,,
xwd:sha256:207d8895c0b76dc6c84e4461d8c991c784c82b54f680742580e7a286934463e0,match,1.0,1.0,793,2019-06-27,Alejandro Jose Perez,M,793,2019-06-27,Alejandro Jose Perez,M,"{""birth_date"": 1.0, ""name"": 1.0, ""name_tftoken"": 1.0}",,,,
xwd:sha256:01cc1bc444997f11d04af806d081bf66317bb79be14a2e28dab4fe8253add51f,match,1.0,1.0,796,2017-12-17,Ricardo Daniel Torres,M,796,2017-12-17,Ricardo Daniel Torres,M,"{""birth_date"": 1.0, ""name"": 1.0, ""name_tftoken"": 1.0}",,,,
xwd:sha256:cd7b9ca5735c1838888598842c1b9ffb5a140332828eda8b6e2d9cb24ad563ae,match,1.0,1.0,801,2020-04-02,Jose Eduardo Gonzalez,M,801,2020-04-02,Jose Eduardo Gonzalez,M,"{""birth_date"": 1.0, ""name"": 1.0, ""name_tftoken"": 1.0}",,,,
xwd:sha256:1a7abf85544b3c82d6713efa9443246089d5c676d5cd6fde7f78bf38a14cccd7,match,1.0,1.0,803,2018-07-22,Francisco Javier Diaz,M,803,2018-07-22,Francisco Javier Diaz,M,"{""birth_date"": 1.0, ""name"": 1.0, ""name_tftoken"": 1.0}",,,,
xwd:sha256:d6230255ef0b5eee174ba668d181b3127b20be2c0c793ef3bed4889b0631b3f7,match,1.0,1.0,804,2019-12-14,Juan Pablo Hernandez,M,804,2019-12-14,Juan Pablo Hernandez,M,"{""birth_date"": 1.0, ""name"": 1.0, ""name_tftoken"": 1.0}",,,,
xwd:sha256:10045f043031ae0475d21e68c86152f26f36bb414a4cc593bc0f767b8c548a20,match,1.0,1.0,805,2016-03-28,Manuel Alejandro Martinez,M,805,2016-03-28,Manuel Alejandro Martinez,M,"{""birth_date"": 1.0, ""name"": 1.0, ""name_tftoken"": 1.0}",,,,
xwd:sha256:5f2e44456ea7e7017f151916fa3a5875c609974af01293280668f3f1016da817,match,1.0,1.0,813,2020-06-06,Pedro Pablo Ramirez,M,813,2020-06-06,Pedro Pablo Ramirez,M,"{""birth_date"": 1.0, ""name"": 1.0, ""name_tftoken"": 1.0}",,,,
xwd:sha256:9cd44ac259a799cffef365cde85140261f1146fdca91bf4a486c85ccdb770584,match,1.0,1.0,818,2018-08-16,Angel Luis Gonzalez,M,818,2018-08-16,Angel Luis Gonzalez,M,"{""birth_date"": 1.0, ""name"": 1.0, ""name_tftoken"": 1.0}",,,,
xwd:sha256:65aca1e6600d22e55aa518bb47b0d193d66853576b6d70cff91e942b16985b01,match,1.0,1.0,819,2019-06-20,Victor Hugo Ortiz,M,819,2019-06-20,Victor Hugo Ortiz,M,"{""birth_date"": 1.0, ""name"": 1.0, ""name_tftoken"": 1.0}",,,,
xwd:sha256:1bb231d7e89643a12eae1b4ddf2c2632e74390b0c5f7ae88a67313850c7c8be8,match,1.0,1.0,821,2017-03-01,Gabriel Eduardo Rodriguez,M,821,2017-03-01,Gabriel Eduardo Rodriguez,M,"{""birth_date"": 1.0, ""name"": 1.0, ""name_tftoken"": 1.0}",,,,
xwd:sha256:aba411a93666e3e9aa455c76eb7f4a43a3a9f87650016ae8ca8b9920c4c3e017,match,1.0,1.0,826,2019-08-11,Guillermo Antonio Ramos,M,826,2019-08-11,Guillermo Antonio Ramos,M,"{""birth_date"": 1.0, ""name"": 1.0, ""name_tftoken"": 1.0}",,,,
xwd:sha256:620a442e85f39419cb9baaceed59fb86eeaf73030f14a9f6700d6df218a46d44,match,1.0,1.0,829,2018-07-28,Hector David Cruz,M,829,2018-07-28,Hector David Cruz,M,"{""birth_date"": 1.0, ""name"": 1.0, ""name_tftoken"": 1.0}",,,,
xwd:sha256:45f91f29069a9974dda17147dd576109698f54811aa77b25f29ec8e995ce5ff3,match,1.0,1.0,830,2019-12-21,Ricardo Jose Rodriguez,M,830,2019-12-21,Ricardo Jose Rodriguez,M,"{""birth_date"": 1.0, ""name"": 1.0, ""name_tftoken"": 1.0}",,,,
xwd:sha256:f8d33ae0c00e6c4e5502bb1ff3646b16c8d09f37b4bc15ca4d56d68a04bb6a08,match,1.0,1.0,832,2020-11-26,Juan Antonio Flores,M,832,2020-11-26,Juan Antonio Flores,M,"{""birth_date"": 1.0, ""name"": 1.0, ""name_tftoken"": 1.0}",,,,
xwd:sha256:48421f2a980df9143822cf59c054b0e7457edfa45cec10fc77c494a208b1952f,match,1.0,1.0,834,2016-08-04,Luis Enrique Gonzalez,M,834,2016-08-04,Luis Enrique Gonzalez,M,"{""birth_date"": 1.0, ""name"": 1.0, ""name_tftoken"": 1.0}",,,,
xwd:sha256:7b58d9b0dfd839b5f514ef7f71f3196146d99b8832313ac620dabac110439ef1,match,1.0,1.0,837,2018-01-17,Javier Arturo Ramirez,M,837,2018-01-17,Javier Arturo Ramirez,M,"{""birth_date"": 1.0, ""name"": 1.0, ""name_tftoken"": 1.0}",,,,
xwd:sha256:e2534567548b1ecf70a0e1b983c329e114f1d2e91bdad66263c0179442f842af,match,1.0,1.0,838,2018-12-06,Roberto Antonio Hernandez,M,838,2018-12-06,Roberto Antonio Hernandez,M,"{""birth_date"": 1.0, ""name"": 1.0, ""name_tftoken"": 1.0}",,,,
xwd:sha256:c7d996200838e47e27a9fc549d3672f609b7027964e0e1a8a94e2ab8dd7f75bf,match,1.0,1.0,844,2018-08-25,Juan Carlos Chavez,M,844,2018-08-25,Juan Carlos Chavez,M,"{""birth_date"": 1.0, ""name"": 1.0, ""name_tftoken"": 1.0}",,,,
xwd:sha256:ee8e05e227ed0811031151f0eab2291b48c2014eaeeec43a9af1b1f648e2d754,match,1.0,1.0,851,2017-06-13,Miguel Angel Sanchez,M,851,2017-06-13,Miguel Angel Sanchez,M,"{""birth_date"": 1.0, ""name"": 1.0, ""name_tftoken"": 1.0}",,,,
xwd:sha256:d73e43fd1d3691e5ec38968d57d65e73efbed61bf5b005df8a0d134ad7ad0c84,match,1.0,1.0,862,2019-06-28,Andres Eduardo Ortiz,,862,2019-06-28,Andres Eduardo Ortiz,M,"{""birth_date"": 1.0, ""name"": 1.0, ""name_tftoken"": 1.0}",,,,
xwd:sha256:1964ca70148f65a87bff310976028f63bfd7786b77d88e0dc0603b8b87efb4fa,match,1.0,1.0,869,2018-05-05,Ricardo Gabriel Ortiz,M,869,2018-05-05,Ricardo Gabriel Ortiz,M,"{""birth_date"": 1.0, ""name"": 1.0, ""name_tftoken"": 1.0}",,,,
xwd:sha256:ffcd20da8fe9e862c07c9b6e6ee966fd8b533e7f1bfdc4a75cd864ff58e9490f,match,1.0,1.0,873,2019-02-18,Juan Carlos Chavez,M,873,2019-02-18,Juan Carlos Chavez,M,"{""birth_date"": 1.0, ""name"": 1.0, ""name_tftoken"": 1.0}",,,,
xwd:sha256:dc1ff5f0699d7092e085f0a5834234ca35a139a64b5c9559612f067a984e6063,match,1.0,1.0,876,2017-08-30,Angel Luis Gonzalez,M,876,2017-08-30,Angel Luis Gonzalez,M,"{""birth_date"": 1.0, ""name"": 1.0, ""name_tftoken"": 1.0}",,,,
xwd:sha256:95ae5a8244c9dc573f28285cb7d48bfd270a41d2cb7aca537a8fd2678888e2f6,match,1.0,1.0,879,2019-03-24,Gabriel Eduardo Rodriguez,M,879,2019-03-24,Gabriel Eduardo Rodriguez,M,"{""birth_date"": 1.0, ""name"": 1.0, ""name_tftoken"": 1.0}",,,,
xwd:sha256:842684554962d9e1a3bbff8224cc72dd0f36c18f25f15a2d2b5fc6235db8fe95,match,1.0,1.0,880,2017-05-12,Miguel Angel Sanchez,M,880,2017-05-12,Miguel Angel Sanchez,M,"{""birth_date"": 1.0, ""name"": 1.0, ""name_tftoken"": 1.0}",,,,
xwd:sha256:68dfdf12def664046df970c16ec2591849f6aaa91405b6fa2f00c58feb597bae,match,1.0,1.0,886,2017-02-21,Jose Ramon Alvarez,M,886,2017-02-21,Jose Ramon Alvarez,M,"{""birth_date"": 1.0, ""name"": 1.0, ""name_tftoken"": 1.0}",,,,
xwd:sha256:ba41a23d3f0d87b236a7af89e87d6d14d5ebfcf1a458fcf9c0de00f20617af69,match,1.0,1.0,888,2017-08-24,Rana Mariam Alsaud,F,888,2017-08-24,Rana Mariam Alsaud,F,"{""birth_date"": 1.0, ""name"": 1.0, ""name_tftoken"": 1.0}",,,,
xwd:sha256:9ee99faa16a7cc44ae132f648a6cd0eb2348e9c43e354c04a8e360c6aae75cf6,match,1.0,1.0,891,2017-04-19,Zahra Amira Almasri,F,891,2017-04-19,Zahra Amira Almasri,F,"{""birth_date"": 1.0, ""name"": 1.0, ""name_tftoken"": 1.0}",,,,
xwd:sha256:0b995b1a5a7091947a307354920d5259c4564d71b4401b8228b397e001ce9b27,match,1.0,1.0,896,2017-06-11,Rasha Noor Almahmoud,F,896,2017-06-11,Rasha Noor Almahmoud,F,"{""birth_date"": 1.0, ""name"": 1.0, ""name_tftoken"": 1.0}",,,,
xwd:sha256:4ecd9974b098ffd0129e3ae3573142c9c8da9e4ef7ef9c019d4f7cfefef331ea,match,1.0,1.0,902,2016-10-12,Sanaa Saida Almousa,F,902,2016-10-12,Sanaa Saida Almousa,F,"{""birth_date"": 1.0, ""name"": 1.0, ""name_tftoken"": 1.0}",,,,
xwd:sha256:2ebd38c5813bb8450d81e0e592aeff89584c0051acac09443d9be39a33c068b0,match,1.0,1.0,906,2020-11-26,Salma Aisha Alabadi,,906,2020-11-26,Salma Aisha Alabadi,F,"{""birth_date"": 1.0, ""name"": 1.0, ""name_tftoken"": 1.0}",,,,
xwd:sha256:91b4d7d77ec7241b33d6d91a4ab5d4ad8745d1dbd0743dba7a88ee9d80bd92a2,match,1.0,1.0,919,2018-12-30,Nizar Tawfiq Almansour,M,919,2018-12-30,Nizar Tawfiq Almansour,M,"{""birth_date"": 1.0, ""name"": 1.0, ""name_tftoken"": 1.0}",,,,
xwd:sha256:7e45075d8af5880f246bc4bc3b9f41723630d6ee2c578bfa23036ffe422ac61b,match,1.0,1.0,920,2017-01-25,Adnan Raed Alhashimi,M,920,2017-01-25,Adnan Raed Alhashimi,M,"{""birth_date"": 1.0, ""name"": 1.0, ""name_tftoken"": 1.0}",,,,
xwd:sha256:46cd0abb403e8eca5b56dfc5d3e981b12e712e35e0045841ad9ef9cf22550407,match,1.0,1.0,922,2018-06-27,Zaid Omar Alattar,M,922,2018-06-27,Zaid Omar Alattar,M,"{""birth_date"": 1.0, ""name"": 1.0, ""name_tftoken"": 1.0}",,,,
xwd:sha256:135746e1c718375f043490e8eff37027b6c9e37cb1e6041306d1451f694b1f2a,match,1.0,1.0,932,2019-08-09,Emma Louise Kim,F,932,2019-08-09,Emma Louise Kim,F,"{""birth_date"": 1.0, ""name"": 1.0, ""name_tftoken"": 1.0}",,,,
xwd:sha256:9d891b3c2bdba51fe60e9cfbeb032b4fa088970e786948a715068dc74d819cbe,match,1.0,1.0,933,2017-02-08,Charlotte Anne Smith,F,933,2017-02-08,Charlotte Anne Smith,F,"{""birth_date"": 1.0, ""name"": 1.0, ""name_tftoken"": 1.0}",,,,
xwd:sha256:ff22129bf69c4f9562247b45be958e615c8db29782df93c62e1fcca0955000aa,match,1.0,1.0,937,2018-07-19,Evelyn Paige Brown,F,937,2018-07-19,Evelyn Paige Brown,F,"{""birth_date"": 1.0, ""name"": 1.0, ""name_tftoken"": 1.0}",,,,
xwd:sha256:51db05add153c845e5c245e1fd664245ee0d75d68c7ae02eda820bd132fb79a7,match,1.0,1.0,950,2020-11-05,Grace Elizabeth Martinez,F,950,2020-11-05,Grace Elizabeth Martinez,F,"{""birth_date"": 1.0, ""name"": 1.0, ""name_tftoken"": 1.0}",,,,
xwd:sha256:2f215d95ae97eeb3d339ed624d44e17968be72f60e05b3ef4399bdb4feb027ec,match,1.0,1.0,952,2018-12-10,Harper Marie Turner,F,952,2018-12-10,Harper Marie Turner,F,"{""birth_date"": 1.0, ""name"": 1.0, ""name_tftoken"": 1.0}",,,,
xwd:sha256:b4ce5a6e34a6224d986d25504a2f69144d4bf176f1f4da3b39154c6e498964fd,match,1.0,1.0,955,2016-10-28,Hazel Olivia White,F,955,2016-10-28,Hazel Olivia White,F,"{""birth_date"": 1.0, ""name"": 1.0, ""name_tftoken"": 1.0}",,,,
xwd:sha256:90408f94cdabcd6da382016ae6cb50bd8330cdceb2d38119e17d468676fa2d2f,match,1.0,1.0,956,2018-06-30,Layla Rose Jackson,F,956,2018-06-30,Layla Rose Jackson,F,"{""birth_date"": 1.0, ""name"": 1.0, ""name_tftoken"": 1.0}",,,,
xwd:sha256:0452000b6dc65dcc2c79c3d38a43cb8f5b48fd36782c425acb3148a3dc968793,match,1.0,1.0,972,2020-08-20,Matthew David Garcia,M,972,2020-08-20,Matthew David Garcia,M,"{""birth_date"": 1.0, ""name"": 1.0, ""name_tftoken"": 1.0}",,,,
xwd:sha256:314e2df4a9be9f24f5e1c35ab1bf034f36768fbdf8e34a34b600583c28de0a84,match,1.0,1.0,973,2017-02-19,Christopher John Martinez,M,973,2017-02-19,Christopher John Martinez,M,"{""birth_date"": 1.0, ""name"": 1.0, ""name_tftoken"": 1.0}",,,,
xwd:sha256:cfe4e5047c92248c4cc926922c3f28cc65c430c1c917682f20c49799d6ca38f4,match,1.0,1.0,975,2016-03-01,Noah Samuel Clark,M,975,2016-03-01,Noah Samuel Clark,M,"{""birth_date"": 1.0, ""name"": 1.0, ""name_tftoken"": 1.0}",,,,
xwd:sha256:c1a5d3b6b4a3e57ae6071c8df850504a4f885e712f0d7e963228d4f1f7da99b1,match,1.0,1.0,978,2017-01-29,Isaac Benjamin Smith,M,978,2017-01-29,Isaac Benjamin Smith,M,"{""birth_date"": 1.0, ""name"": 1.0, ""name_tftoken"": 1.0}",,,,
xwd:sha256:4ff062b490f71d9a181224a4f1e75df7f4604735fe2b767f5b069802540dd3e0,match,1.0,1.0,982,2017-12-16,Owen Christopher Turner,M,982,2017-12-16,Owen Christopher Turner,M,"{""birth_date"": 1.0, ""name"": 1.0, ""name_tftoken"": 1.0}",,,,
xwd:sha256:8c215e3d712be5e06d701b5d3b3d87f7ee14e797ad8a116b0f41ced05b05c6cc,match,1.0,1.0,983,2020-05-18,Caleb Joshua White,M,983,2020-05-18,Caleb Joshua White,M,"{""birth_date"": 1.0, ""name"": 1.0, ""name_tftoken"": 1.0}",,,,
xwd:sha256:1ff66926358b6b48f7f20dc929d9d6946c2f2cf7493d133735c18577704b2d0f,match,1.0,1.0,990,2020-11-26,Andrew Matthew Garcia,M,990,2020-11-26,Andrew Matthew Garcia,M,"{""birth_date"": 1.0, ""name"": 1.0, ""name_tftoken"": 1.0}",,,,
xwd:sha256:c710363622183034aedd10403614c74f1326e5fc5de45013869fb348c67691fb,match,1.0,1.0,995,2016-10-15,James Thomas Anderson,,995,2016-10-15,James Thomas Anderson,M,"{""birth_date"": 1.0, ""name"": 1.0, ""name_tftoken"": 1.0}",,,,
xwd:sha256:1811fc351f80b9c3221108253847d67bcee3d39d02a6ad35542c9be69a834925,match,1.0,1.0,996,2018-06-17,Joseph Matthew Perez,,996,2018-06-17,Joseph Matthew Perez,M,"{""birth_date"": 1.0, ""name"": 1.0, ""name_tftoken"": 1.0}",,,,
xwd:sha256:2cc28c56522df90d1236bda449bb8f605e120366e073a427e081ed7fff26adc6,match,1.0,1.0,999,2019-04-09,David Paul Kim,M,999,2019-04-09,David Paul Kim,M,"{""birth_date"": 1.0, ""name"": 1.0, ""name_tftoken"": 1.0}",,,,
xwd:sha256:57410790fff74f3af5c947c76e718fe7ae84ad15091c3d385ce7ea31820c07f9,match,0.8445,0.8,352,2016-11-30,Arianna Lee,F,352,2016-11-30,Arianna Marie Lee,F,"{""birth_date"": 1.0, ""name"": 0.8, ""name_tftoken"": 0.734}",,,,
xwd:sha256:cb9faeba2086357951fc443556e4e829c94c46e86ab294c3543d86bb24542fa4,match,0.8423,0.8,146,2019-06-21,Rylan Cook,M,146,2019-06-21,Rylan Gabriel Cook,M,"{""birth_date"": 1.0, ""name"": 0.8, ""name_tftoken"": 0.727}",,,,
xwd:sha256:9830a345c5315b98b8d82374b2dfcb15a9b7d7e7cb6b112114bb79546dbaff35,match,0.8413,0.8,504,2016-09-22,Blake Anderson,M,504,2016-09-22,Blake Christopher Anderson,M,"{""birth_date"": 1.0, ""name"": 0.8, ""name_tftoken"": 0.724}",,,,
xwd:sha256:3964b0163ad94992e56133eed13419f64ef081a4f68bee656732a0c2daca1421,match,0.8392,0.8,616,2017-08-02,Eric Ward,M,616,2017-08-02,Eric James Ward,M,"{""birth_date"": 1.0, ""name"": 0.8, ""name_tftoken"": 0.718}",,,,
xwd:sha256:31c55a571fb0c1efa968df3a96e85a71f93d03186b381b22a4cb8db2e9f432f6,match,0.8391,0.8,150,2020-11-20,Logan Davisscott,M,150,2020-11-20,Logan Anthony Davisscott,M,"{""birth_date"": 1.0, ""name"": 0.8, ""name_tftoken"": 0.717}",,,,
xwd:sha256:a8a83f6c2cf658456d9d53fd4a25349657e271458207ab9fad41d5b804a69443,match,0.8384,0.8,615,2019-12-13,Zachary Cooper,M,615,2019-12-13,Zachary Matthew Cooper,M,"{""birth_date"": 1.0, ""name"": 0.8, ""name_tftoken"": 0.715}",,,,
xwd:sha256:22e44e9f4bc91b99bafc01ff6322b4b2459cd8834e072e976a10781335072980,match,0.8359,0.8,344,2020-11-10,Madelyn Lee,F,344,2020-11-10,Madelyn Elizabeth Lee,F,"{""birth_date"": 1.0, ""name"": 0.8, ""name_tftoken"": 0.708}",,,,
xwd:sha256:c43afe37b135f5ef371ecddd5326a5cb1c79cef109461ee79b28f0cf38bbe41f,match,0.8285,0.8,148,2018-12-28,Drew Richardson,M,148,2018-12-28,Drew Zachary Richardson,M,"{""birth_date"": 1.0, ""name"": 0.8, ""name_tftoken"": 0.685}",,,,
xwd:sha256:60233de0eeb5ea242d21e51e20daf21455dadf56880201bda92ae7278f470a04,match,0.8283,0.8,165,2020-12-23,Dakota Hernandezcruz,F,165,2020-12-23,Dakota Maya Hernandezcruz,F,"{""birth_date"": 1.0, ""name"": 0.8, ""name_tftoken"": 0.685}",,,,
xwd:sha256:20d4c9c50206141351c171e57d512c4b11bb648e3b2169620bc00ef1cdecd068,match,0.8269,0.8,609,2018-09-30,Brandon Flores,M,609,2018-09-30,Brandon Anthony Flores,M,"{""birth_date"": 1.0, ""name"": 0.8, ""name_tftoken"": 0.681}",,,,
xwd:sha256:db194e05ac7c2c68f76b2d4a5f47ce9843276544994ef1e5536a5fa3d0e0c348,match,0.8263,0.8,234,2016-07-08,Kava Iaone,F,234,2016-07-08,Kava Taula Iaone,F,"{""birth_date"": 1.0, ""name"": 0.8, ""name_tftoken"": 0.679}",,,,
xwd:sha256:7ab57be758ad0874c7573d1b8d06ad97d6752bfddf0c67e4c89ae0693f98d07a,match,0.8222,0.8,23,2016-08-14,Oliver Chowdhury,M,23,2016-08-14,Oliver Rafael Chowdhury,M,"{""birth_date"": 1.0, ""name"": 0.8, ""name_tftoken"": 0.667}",,,,
xwd:sha256:dffb1f0dcf3089c58e80302df9ba4ee816dab70cf55df02a72c2144f9e6dcd33,match,0.8217,0.8,156,2019-04-25,Spencer Morris,,156,2019-04-25,Spencer Owen Morris,M,"{""birth_date"": 1.0, ""name"": 0.8, ""name_tftoken"": 0.665}",,,,
xwd:sha256:0570d5cc45a1ca0332d7c5d41352198a5cf069faef2e4899af4938c32c626908,match,0.8187,0.8,24,2018-10-15,Fatima Cohen,F,24,2018-10-15,Fatima Tala Cohen,F,"{""birth_date"": 1.0, ""name"": 0.8, ""name_tftoken"": 0.656}",,,,
xwd:sha256:94bdc1c769ff41863b7fda8c5994d951ba6bf25551f4072a304dd5fe4beb9df4,match,0.8187,0.8,911,2017-12-17,Karim Almasri,,911,2017-12-17,Karim Samir Almasri,M,"{""birth_date"": 1.0, ""name"": 0.8, ""name_tftoken"": 0.656}",,,,
xwd:sha256:685288f45c66b2098b3ee0fa9c6834f6644a5fc9da8aa0e572b7d03db2247711,match,0.8156,0.8,4,2018-07-17,Hiro Chan,M,4,2018-07-17,Hiro Nikita Chan,M,"{""birth_date"": 1.0, ""name"": 0.8, ""name_tftoken"": 0.647}",,,,
xwd:sha256:8d313fafafe35eb0a717d64d96c837ed493de752515f5e1f567972394c8e2dd7,match,0.8156,0.8,70,2016-12-03,Anisa Smithjohnson,F,70,2016-12-03,Anisa Emir Smithjohnson,F,"{""birth_date"": 1.0, ""name"": 0.8, ""name_tftoken"": 0.647}",,,,
xwd:sha256:c320910a5a84e298372be5e7ec342f4cbf12881b0242bcd94babc18134e07321,match,0.8156,0.8,222,2016-05-06,Aroha Pou,F,222,2016-05-06,Aroha Hiriata Pou,F,"{""birth_date"": 1.0, ""name"": 0.8, ""name_tftoken"": 0.647}",,,,
xwd:sha256:65fac302c3480c12eba9068c5da1cafd402afd54a9c0c41e0bd8d6c3844947c1,match,0.8156,0.8,224,2017-12-05,Afa Amuia,F,224,2017-12-05,Afa Anapu Amuia,F,"{""birth_date"": 1.0, ""name"": 0.8, ""name_tftoken"": 0.647}",,,,
xwd:sha256:af36799e0c815f57e8defe0f781d76198bf02fd81dac8eced1fc0a95d945ce6d,match,0.8156,0.8,233,2020-11-21,Pasi Katoa,M,233,2020-11-21,Pasi Vainetutai Katoa,M,"{""birth_date"": 1.0, ""name"": 0.8, ""name_tftoken"": 0.647}",,,,
xwd:sha256:4787bef4c84bad6df17c91e42ef757d8e04e0d671c7e7413c27bd61d27d47147,match,0.813,0.8,8,2019-07-22,Joon Smith,M,8,2019-07-22,Joon Leila Smith,M,"{""birth_date"": 1.0, ""name"": 0.8, ""name_tftoken"": 0.639}",,,,
xwd:sha256:5a215275ec6fc2184e5603ae7a829a92d6ef4c7d51cd931af6c007fe9b799e04,match,0.812,0.8,88,2019-11-18,Yusuf Satonakamura,M,88,2019-11-18,Yusuf Radu Satonakamura,M,"{""birth_date"": 1.0, ""name"": 0.8, ""name_tftoken"": 0.636}",,,,
xwd:sha256:2c5116a8e069add317a135534bdf5f189738fd6167b6aa25d0e9ffebcc2b3e3c,match,0.812,0.8,167,2017-02-06,Jamie Scottharris,F,167,2017-02-06,Jamie Gabrielle Scottharris,F,"{""birth_date"": 1.0, ""name"": 0.8, ""name_tftoken"": 0.636}",,,,
xwd:sha256:dcc7c7c902a0a6787f9df9e9e98261fa805bab407d4f2f956a876a642591e85f,match,0.8118,0.8,610,2017-02-20,Daniel Clark,M,610,2017-02-20,Daniel Patrick Clark,M,"{""birth_date"": 1.0, ""name"": 0.8, ""name_tftoken"": 0.635}",,,,
xwd:sha256:fc3462b6e583eff0956eed56c17db4311790c311c33d844bf8086127e87c7721,match,0.8098,0.8,754,2019-01-09,Fernanda Espinoza,M,754,2019-01-09,Fernanda Marlene Espinoza,F,"{""birth_date"": 1.0, ""name"": 0.8, ""name_tftoken"": 0.629}",,,,
xwd:sha256:a04d8b4fee26db8837bb5c46090389f4770bdd7d6aee4b913dd3f63015e915fe,match,0.8095,0.8,16,2020-04-04,Emre Johnson,M,16,2020-04-04,Emre Amalia Johnson,M,"{""birth_date"": 1.0, ""name"": 0.8, ""name_tftoken"": 0.628}",,,,
xwd:sha256:c269cc12f5b5303c03459bdf0b5de03ea26ca3ea7cb603b66786e4218b54cd01,match,0.8037,0.8,9,2019-11-09,Katarina Gonzalez,F,9,2019-11-09,Katarina Wolfgang Gonzalez,F,"{""birth_date"": 1.0, ""name"": 0.8, ""name_tftoken"": 0.611}",,,,
xwd:sha256:ac1985836015cce5dd2da5d4573154ae70c18dd88ac04951d44281b6be6d4c89,match,0.8019,0.8,391,2019-03-10,Lila Kim,F,391,2019-03-10,Lila Anne Kim,F,"{""birth_date"": 1.0, ""name"": 0.8, ""name_tftoken"": 0.606}",,,,
xwd:sha256:ccadc0c716b5bf5d0d5d4c1172778ddc646f6056382369f61d0cf42231239051,match,0.7962,0.8,22,2017-02-02,Aliyah Hernandez,F,22,2017-02-02,Aliyah Alina Hernandez,F,"{""birth_date"": 1.0, ""name"": 0.8, ""name_tftoken"": 0.589}",,,,
xwd:sha256:76bc50b84e002fc6b1dca86be464fa7072c7b5e7f7b5d97b27c6c82902274fa6,match,0.7938,0.8,671,2018-10-15,Kim Park,F,671,2018-10-15,Kim Minji Park,F,"{""birth_date"": 1.0, ""name"": 0.8, ""name_tftoken"": 0.581}",,,,
xwd:sha256:cf28508e8efce7f365946a0fc8b47d369a4c8c6917cc3284879cb62c802ee061,match,0.7833,1.0,50,2017-01-01,Naima Hassan Sato,F,50,2016-12-31,Naima Hassan Sato,F,"{""birth_date"": 0.35, ""name"": 1.0, ""name_tftoken"": 1.0}",,,,
xwd:sha256:4700455d619787a18e0afcd2d6276593d6589d04dc1b34f505ec9cfb98ccac41,match,0.7833,1.0,217,2019-03-04,Nukualofa Sione Falevai,M,217,2019-06-04,Nukualofa Sione Falevai,M,"{""birth_date"": 0.35, ""name"": 1.0, ""name_tftoken"": 1.0}",,,,
xwd:sha256:833ab8a36d72dcc7fdd09ef3a0696057ed77449f748a6161d69986f0d15a793b,match,0.7833,1.0,388,2020-01-01,Zoey Louise Jackson,F,388,2020-01-03,Zoey Louise Jackson,F,"{""birth_date"": 0.35, ""name"": 1.0, ""name_tftoken"": 1.0}",,,,
xwd:sha256:7cf1a854c32e134caabdc2430a88b31298f77b08f61d46ceab9b0d33fac3a52d,match,0.7833,1.0,397,2019-05-26,Aurora Hope Williams,F,397,2019-06-26,Aurora Hope Williams,F,"{""birth_date"": 0.35, ""name"": 1.0, ""name_tftoken"": 1.0}",,,,
xwd:sha256:07915ea71ffb33f6477eb611fd2ce8d43dd7c03fb5f8e79ff7f3c36c79c40727,match,0.7833,1.0,412,2018-11-19,Alaina Rose Wright,F,412,2018-11-29,Alaina Rose Wright,F,"{""birth_date"": 0.35, ""name"": 1.0, ""name_tftoken"": 1.0}",,,,
xwd:sha256:167c968b05d3632f09f3e16442a843ee909a032213e79f072ada9ef70eedd2c2,match,0.7833,1.0,415,2015-03-09,Callie Marie Smith,F,415,2017-03-09,Callie Marie Smith,F,"{""birth_date"": 0.35, ""name"": 1.0, ""name_tftoken"": 1.0}",,,,
xwd:sha256:4c84b3b27ce0afe364569ed058b7f62eca20502a6e6c9a514dbfeaf1958ab2a4,match,0.7833,1.0,822,2017-11-13,Miguel Angel Sanchez,M,851,2017-06-13,Miguel Angel Sanchez,M,"{""birth_date"": 0.35, ""name"": 1.0, ""name_tftoken"": 1.0}",,,,
xwd:sha256:1fa987fa13090ab1ffb16b34c9adaeb6eca87b8bd5520b4e9c4b362bb3eb517e,match,0.7833,1.0,878,2016-10-23,Jorge Antonio Torres,M,849,2016-02-23,Jorge Antonio Torres,M,"{""birth_date"": 0.35, ""name"": 1.0, ""name_tftoken"": 1.0}",,,,
xwd:sha256:00f36249d67569c269c5212dff3f5342eefa3979a093f26550c74ec986133f17,match,0.7775,0.8,15,2016-04-16,Nadia Ravi Leelea,F,15,2016-04-16,Nadia Ravi Lee,F,"{""birth_date"": 1.0, ""name"": 0.8, ""name_tftoken"": 0.532}",,,,
xwd:sha256:17eae9531e4898939c924d570a30354bcfbe071131e3a996784dcf26d959685d,match,0.7735,0.8,633,2017-03-12,Mike Timothy Henderson,M,633,2017-03-12,Michael Timothy Henderson,M,"{""birth_date"": 1.0, ""name"": 0.8, ""name_tftoken"": 0.521}",,,,
xwd:sha256:ae7e9c7a34c3269d6e983415ae0556816fa87c2d7b8fccf5cc4f0c735cb55dd7,match,0.7698,0.8,976,2020-10-12,Nicholas A Nguyen,,976,2020-10-12,Nicholas Alexander Nguyen,M,"{""birth_date"": 1.0, ""name"": 0.8, ""name_tftoken"": 0.509}",,,,
xwd:sha256:ff7976fd7c9f0de13f9a98a03c98eb01e0a6810af0d5e59be154d8c82122c78d,match,0.7689,0.8,775,2017-05-08,Gabby Susana Guerrero,F,775,2017-05-08,Gabriela Susana Guerrero,F,"{""birth_date"": 1.0, ""name"": 0.8, ""name_tftoken"": 0.507}",,,,
xwd:sha256:bd694b5536a07a3960e18d1bb9acbf6e6de26612aa6f26942d79a9b2db57fef2,match,0.7688,0.8,423,2018-04-10,Isabelle Nicole Johnsonlee,F,423,2018-04-10,Isabelle Nicole Johnson,F,"{""birth_date"": 1.0, ""name"": 0.8, ""name_tftoken"": 0.506}",,,,
xwd:sha256:570fcb8b24dca440ff16e9ace6a2531b471e25bd51f47ef67847b610129dd394,match,0.768,0.8,264,2017-03-17,Tia Renee Scot,F,264,2017-03-17,Tia Renee Scott,F,"{""birth_date"": 1.0, ""name"": 0.8, ""name_tftoken"": 0.504}",,,,
xwd:sha256:bc127f44557f16703d789dfde0eb3869dffc0d82367908dc7cc0882b2714a84f,match,0.7679,0.8,55,2019-06-12,Hanna Karolina Alimalik,F,55,2019-06-12,Hana Karolina Alimalik,F,"{""birth_date"": 1.0, ""name"": 0.8, ""name_tftoken"": 0.504}",,,,
xwd:sha256:707bacccd1ab66913630a28746f9c09b5a906f3dde84f64e3cafa4aeeef8b520,match,0.7667,0.8,52,2020-07-10,Kaya S Ortizsantos,F,52,2020-07-10,Kaya Sari Ortizsantos,F,"{""birth_date"": 1.0, ""name"": 0.8, ""name_tftoken"": 0.5}",,,,
xwd:sha256:9aa95365702eb81eece0099a240ed9fcd8a8aead9ae7c7ecc956f1d55c938750,match,0.7617,0.8,484,2020-12-18,Jason A Adams,F,484,2020-12-18,Jason Aaron Adams,M,"{""birth_date"": 1.0, ""name"": 0.8, ""name_tftoken"": 0.485}",,,,
xwd:sha256:808460b6ff2de168a2770d1461b634e0938da99f1cae1fb7f23333ff3179a621,match,0.7593,0.8,54,2016-10-17,Anton L Garciasanchez,M,54,2016-10-17,Anton Luiz Garciasanchez,M,"{""birth_date"": 1.0, ""name"": 0.8, ""name_tftoken"": 0.478}",,,,
xwd:sha256:de92f1faeb4d2f785c19ed551ce2b1cd0a9042810c38953da40b9e18e37cb0c9,match,0.7579,0.8,724,2020-02-02,Rachel Sofia Camacho,F,724,2020-02-02,Raquel Sofia Camacho,F,"{""birth_date"": 1.0, ""name"": 0.8, ""name_tftoken"": 0.474}",,,,
xwd:sha256:00122a531fa2767fc7cce30ba176e86ac0b2f0966dd1cc731608c04e946a85d6,match,0.7578,0.8,613,2019-06-27,Chris William Turner,M,613,2019-06-27,Christopher William Turner,M,"{""birth_date"": 1.0, ""name"": 0.8, ""name_tftoken"": 0.473}",,,,
xwd:sha256:2ce14415103353b7a7cb6973eb23230708a8bf575d82d0dee622de13d6db0129,match,0.7572,0.8,852,2019-03-14,Carlos Enrique River,M,852,2019-03-14,Carlos Enrique Rivera,M,"{""birth_date"": 1.0, ""name"": 0.8, ""name_tftoken"": 0.471}",,,,
xwd:sha256:bb6c154468657039c71a97938cc0b9154ed8ded869296bee2cc1a63c63ac1485,match,0.7571,0.8,71,2020-07-28,Kai Solveig Wong,M,71,2020-07-28,Kai Solveig Wongliu,M,"{""birth_date"": 1.0, ""name"": 0.8, ""name_tftoken"": 0.471}",,,,
xwd:sha256:72371c872f86938223dee0319e0808932c68480b679c3054b4dbc2fe55ce4c39,match,0.7571,0.8,198,2019-06-11,Finley Julian Johnsonhayes,M,198,2019-06-11,Finley Julian Hayesjohnson,M,"{""birth_date"": 1.0, ""name"": 0.8, ""name_tftoken"": 0.471}",,,,
xwd:sha256:fb95a0d5d4a56a0bc13feea9b65fad0bdd886c33e036eb42ff6f69c618fd6995,match,0.7559,0.8,630,2019-07-13,Matthew Tye Peterson,M,630,2019-07-13,Matthew Tyler Peterson,M,"{""birth_date"": 1.0, ""name"": 0.8, ""name_tftoken"": 0.468}",,,,
xwd:sha256:a08d1d023751c50c2ca95f3af69411e47d2e572057c7909617596deedd53cc11,match,0.7554,0.8,213,2018-01-22,Vai Fale Hin,M,213,2018-01-22,Vai Fale Hine,M,"{""birth_date"": 1.0, ""name"": 0.8, ""name_tftoken"": 0.466}",,,,
xwd:sha256:b57b9ebfd4282226c24943b551f6e44ecc729f97109c4b251e6aaddce5b29c86,match,0.7553,0.8,48,2017-03-19,Camila N Leekim,F,48,2017-03-19,Camila Nikolai Leekim,F,"{""birth_date"": 1.0, ""name"": 0.8, ""name_tftoken"": 0.466}",,,,
xwd:sha256:90c45e5b18ab79a175d0dd9577949867b6fee78aa33231b1df958cfb5b62957f,match,0.7548,0.8,164,2018-03-11,Hayden Christopher Rodriguez,M,164,2018-03-11,Hayden Christopher Ramirezrodriguez,M,"{""birth_date"": 1.0, ""name"": 0.8, ""name_tftoken"": 0.464}",,,,
xwd:sha256:9dfe1cd1b0eb11c3f44237f7b1968ea2275bbf3c81d1481f70825acf533209b8,match,0.7548,0.8,540,2016-09-02,Ty Anthony Hall,M,540,2016-09-02,Tyler Anthony Hall,M,"{""birth_date"": 1.0, ""name"": 0.8, ""name_tftoken"": 0.465}",,,,
xwd:sha256:4f232e09f12c8e97861eeb13bf3aa407f5c47560803cbf6c61cc38e22e44fef9,match,0.753,0.8,281,2018-02-22,Devni Isaiah Hill,M,281,2018-02-22,Devin Isaiah Hill,M,"{""birth_date"": 1.0, ""name"": 0.8, ""name_tftoken"": 0.459}",,,,
xwd:sha256:686b9a49a0a0a969c5193e15fef1d2baa862c7e7ed83e67018770f9c8def4946,match,0.7529,0.8,480,2016-09-16,Andie Joshua Collins,M,480,2016-09-16,Andrew Joshua Collins,M,"{""birth_date"": 1.0, ""name"": 0.8, ""name_tftoken"": 0.459}",,,,
xwd:sha256:41f57f2d4893514721c102176d011915915b77bd3ebe49ea5399c4c737dc5722,match,0.7522,0.8,948,2018-09-09,Natalie Rose Nuguyen,F,948,2018-09-09,Natalie Rose Nguyen,F,"{""birth_date"": 1.0, ""name"": 0.8, ""name_tftoken"": 0.457}",,,,
xwd:sha256:f0a97dccbfcad5f769e37eea5acf7faa5f0c2465f8d65e042242ee854510c866,match,0.7514,0.8,967,2017-05-22,Alex James Johnson,M,967,2017-05-22,Alexander James Johnson,M,"{""birth_date"": 1.0, ""name"": 0.8, ""name_tftoken"": 0.454}",,,,
xwd:sha256:45f7ac1111cef1f05c4ac04ac900a94a3873b2256c06b700b607f384aa55ff6e,match,0.7511,0.8,537,2017-07-04,Jason Michael Lewsi,,537,2017-07-04,Jason Michael Lewis,M,"{""birth_date"": 1.0, ""name"": 0.8, ""name_tftoken"": 0.453}",,,,
xwd:sha256:d5e0750e34f082ef45ce1d5cbb955587547b00794d19b00f43a2d6f37600ff6e,match,0.7506,0.8,194,2016-02-13,Morgan Jack Martinbailey,M,194,2016-02-13,Morgan Jack Baileymartin,M,"{""birth_date"": 1.0, ""name"": 0.8, ""name_tftoken"": 0.452}",,,,
xwd:sha256:d3cf076e4b102aa5959f39bb08b6ea204176384335b78a3b417dfa86e2c96831,match,0.7488,0.8,199,2020-04-12,Logan Ellie Thomascooper,F,199,2020-04-12,Logan Ellie Cooperthomas,F,"{""birth_date"": 1.0, ""name"": 0.8, ""name_tftoken"": 0.447}",,,,
xwd:sha256:1fe46d04093233e6b0ceef886f3309c5034992d9c8a0ecde701d385df36ff312,match,0.7475,0.8,396,2017-04-01,Brook Jade Rodriguez,F,396,2017-04-01,Brooklyn Jade Rodriguez,F,"{""birth_date"": 1.0, ""name"": 0.8, ""name_tftoken"": 0.442}",,,,
xwd:sha256:f1c032e115ee99dd0ff91995b6e04d02c2e8df478d71c5fac87c7355a8cdd1b2,match,0.7446,0.8,460,2019-02-24,Sam Rae Lee,F,460,2019-02-24,Samantha Rae Lee,F,"{""birth_date"": 1.0, ""name"": 0.8, ""name_tftoken"": 0.434}",,,,
xwd:sha256:0b06d6613ccb459e68ada76a92440aae61546d4638f89ffc9effdc3e5ab5e9ec,match,0.7442,0.8,109,2018-01-23,Quin Annabelle Ramirez,F,109,2018-01-23,Quinn Annabelle Ramirez,F,"{""birth_date"": 1.0, ""name"": 0.8, ""name_tftoken"": 0.433}",,,,
xwd:sha256:cd079585e2f14b5d82559577fa80d683fd5783cf31ea84822e7054156345996c,match,0.7411,0.8,166,2018-08-04,Tyler Aaron Riveraflores,M,166,2018-08-04,Tyler Aaron Floresrivera,M,"{""birth_date"": 1.0, ""name"": 0.8, ""name_tftoken"": 0.423}",,,,
xwd:sha256:f2a51f1960e3a40e11e99e97efef713850556d5d95a5908e10fd1e4625126e81,match,0.7374,0.8,28,2018-03-03,Sorry Lucia Davis,F,28,2018-03-03,Sari Lucia Davis,F,"{""birth_date"": 1.0, ""name"": 0.8, ""name_tftoken"": 0.412}",,,,
xwd:sha256:81c1ce6e3819ff4142296470acf6f9a49082926ef4c2bb204526d02e905176e9,match,0.7353,0.8,326,2017-09-03,Addsion Grace Anderson,F,326,2017-09-03,Addison Grace Anderson,F,"{""birth_date"": 1.0, ""name"": 0.8, ""name_tftoken"": 0.406}",,,,
xwd:sha256:8731631f086cdfefba525e7a40c309288a0b024d0a9476c90080fab09cf150e7,match,0.7334,0.8,368,2016-12-24,Eva Rose Lee,F,368,2016-12-24,Ava Rose Lee,F,"{""birth_date"": 1.0, ""name"": 0.8, ""name_tftoken"": 0.4}",,,,
xwd:sha256:4df0a4b7546329fca41c3a32ce301e5ff4caf078f1c5cf0e682c306de66b5f35,match,0.7228,0.966,425,2017-05-24,Elsiemae Singh,F,425,2017-05-24,Elsie Mae Singh,F,"{""birth_date"": 1.0, ""name"": 0.966, ""name_tftoken"": 0.203}",,,,
xwd:sha256:8430670d70c22e4121df8d98d166d633d866184ccababfcf54387d41eef45d45,match,0.7204,0.956,332,2019-10-08,Stellamarie Garcia,F,332,2019-10-08,Stella Marie Garcia,F,"{""birth_date"": 1.0, ""name"": 0.956, ""name_tftoken"": 0.205}",,,,
xwd:sha256:4361a83ef975725d8850c69aecb5829c1d9d33db5f4c9b7e2174685cdb1b7847,match,0.7131,0.89,676,2018-03-14,Satoru Nakameura,M,676,2018-03-14,Satoru Kaito Nakamura,M,"{""birth_date"": 1.0, ""name"": 0.89, ""name_tftoken"": 0.249}",,,,
xwd:sha256:3f753f0c4f21f14a7918256dcc29e7505ec0d0bcccb96a4d86ca20093e279758,match,0.703,0.933,620,2018-07-04,Jacob Chris Colins,M,620,2018-07-04,Jacob Christopher Collins,M,"{""birth_date"": 1.0, ""name"": 0.933, ""name_tftoken"": 0.176}",,,,
xwd:sha256:0adbd24577e9d3c443b3dc34221f07246de16f62cc590b9e2c68e3894ade65d6,match,0.7011,0.915,808,2016-08-29,Fernando A Cruze,M,808,2016-08-29,Fernando Alberto Cruz,M,"{""birth_date"": 1.0, ""name"": 0.915, ""name_tftoken"": 0.188}",,,,
xwd:sha256:1d24d21daa06974a4fa54c2e4b7f737eb4fca9dafc9c60cc906f1ac53858df62,review,0.6952,0.91,496,2019-01-09,Samuel J Cartre,M,496,2019-01-09,Samuel Joseph Carter,M,"{""birth_date"": 1.0, ""name"": 0.91, ""name_tftoken"": 0.175}",,,,
xwd:sha256:f4acb3d68938a094112a7168f3bae38ff1d09584dfdc46a34d0060ef4d28f321,review,0.6939,0.878,416,2018-07-23,Arabel Cooper,F,416,2018-07-23,Arabella Grace Cooper,F,"{""birth_date"": 1.0, ""name"": 0.878, ""name_tftoken"": 0.204}",,,,
xwd:sha256:f25fc6b65e405a40935cdb5f9dafec29ffb1dd7650e2269ee4c95929389d6a57,review,0.6921,0.935,719,2020-10-21,Adrian R Ramirez,F,719,2020-10-21,Adriana Rosa Ramirez,F,"{""birth_date"": 1.0, ""name"": 0.935, ""name_tftoken"": 0.141}",,,,
xwd:sha256:2d2bd7558ea71c200e490f61a99526a25f7bde895e27afdbf505af8720a9e806,review,0.6919,0.946,155,2016-10-12,Chelsey Elizabeth Wattson,F,155,2016-10-12,Kelsey Elizabeth Watson,F,"{""birth_date"": 1.0, ""name"": 0.946, ""name_tftoken"": 0.13}",,,,
xwd:sha256:c7a1daa7cee4123143f921752fd772a78ef04083718c4500295ff40bfbbd8c45,review,0.6914,0.889,908,2016-09-14,Ahmed N Abdullah,M,908,2016-09-14,Ahmed Nasser Alabdullah,M,"{""birth_date"": 1.0, ""name"": 0.889, ""name_tftoken"": 0.185}",,,,
xwd:sha256:065765b08b16e36f314644e4a2fb3f522c4f903f5fc08a92120da05e6c7cdcf8,review,0.6908,0.91,770,2017-05-18,Sofia R Marqeuz,F,770,2017-05-18,Sofia Renata Marquez,F,"{""birth_date"": 1.0, ""name"": 0.91, ""name_tftoken"": 0.162}",,,,
xwd:sha256:f280d1fbe0d29a99ca26ce13e8c7913e20d3607c77f2a1e147e652e59ea3fcf4,review,0.6854,0.871,324,2018-05-02,Harpper Davis,F,324,2018-05-02,Harper Madison Davis,F,"{""birth_date"": 1.0, ""name"": 0.871, ""name_tftoken"": 0.185}",,,,
xwd:sha256:50d0e9fe0786e62ba4a22f920fd49ad2c5a6b745283c01f11592bf9f354ad341,review,0.6799,0.8,910,2019-04-24,Hasan Almalik,M,910,2019-04-24,Hassan Mahmoud Almalik,M,"{""birth_date"": 1.0, ""name"": 0.8, ""name_tftoken"": 0.24}",,,,
xwd:sha256:8b68dce3250fc2efa721be0679ff55b1ebc876eef174af6519d258d0c8fac7a4,review,0.6788,0.884,555,2016-07-13,Isack Tomtom Anderson,M,555,2016-07-13,Isaac Thomas Anderson,M,"{""birth_date"": 1.0, ""name"": 0.884, ""name_tftoken"": 0.153}",,,,
xwd:sha256:5ad131ae349d52314ffdd002cfe40fc58625af9e903aa3b4ccf15ab1935cd78a,review,0.6756,0.849,511,2019-03-31,Saen Mike Scott,M,511,2019-03-31,Sean Michael Scott,M,"{""birth_date"": 1.0, ""name"": 0.849, ""name_tftoken"": 0.178}",,,,
xwd:sha256:f8caf7e7fb8cb06a4482deb65fdb2e38bb4776891cb07fa442c8b6d4cddcb21d,review,0.6733,0.897,693,2016-08-17,Ji H Kim,F,693,2016-08-17,Jisoo Hee Kim,F,"{""birth_date"": 1.0, ""name"": 0.897, ""name_tftoken"": 0.122}",,,,
xwd:sha256:e7da3ae2f75db64624e42da2b61c6f74f4e6270f635b42e8d8db8736118a751f,review,0.6728,0.858,863,2017-11-21,Luis E Gonzalezjose,M,863,2017-11-21,Luis Enrique Gonzalez,M,"{""birth_date"": 1.0, ""name"": 0.858, ""name_tftoken"": 0.16}",,,,
xwd:sha256:57f2c8d1c52a4b052604b6966b8813f20ec2cd621ba48bc0cf05b9a26c80a561,review,0.6725,0.827,141,2016-03-08,Payton Ortiz,F,141,2016-03-08,Peyton Ivy Ortiz,F,"{""birth_date"": 1.0, ""name"": 0.827, ""name_tftoken"": 0.191}",,,,
xwd:sha256:afc665921ec7a7e65327cf2e9cd420c09f32ee4cb47d5f4a6bb2942a5e6c6378,review,0.6702,0.818,654,2016-07-08,Nick A Miller,M,654,2016-07-08,Nicholas Andrew Miller,M,"{""birth_date"": 1.0, ""name"": 0.818, ""name_tftoken"": 0.193}",,,,
xwd:sha256:74e1a3abf0358c0e61db1cb4160aced6922c4ca8a7bdc5c1de8b63128e58dd27,review,0.6667,1.0,818,2018-08-16,Angel Luis Gonzalez,M,876,2017-08-30,Angel Luis Gonzalez,M,"{""birth_date"": 0.0, ""name"": 1.0, ""name_tftoken"": 1.0}",,,,
xwd:sha256:7f30110780af7912cabd98858b350a98ed184eece27b4e56b668a268ef45ff15,review,0.6667,1.0,820,2020-09-16,Jorge Antonio Torres,M,849,2016-02-23,Jorge Antonio Torres,M,"{""birth_date"": 0.0, ""name"": 1.0, ""name_tftoken"": 1.0}",,,,
xwd:sha256:cf2ed7d017caf0cb9162aef27a46881883616adbbac1e2a24f7ff49084debe70,review,0.6667,1.0,821,2017-03-01,Gabriel Eduardo Rodriguez,M,879,2019-03-24,Gabriel Eduardo Rodriguez,M,"{""birth_date"": 0.0, ""name"": 1.0, ""name_tftoken"": 1.0}",,,,
xwd:sha256:c5bf407dec179db3cd333b8a09de685483a6ccf381550afb7b535f5e24450164,review,0.6667,1.0,822,2017-11-13,Miguel Angel Sanchez,M,880,2017-05-12,Miguel Angel Sanchez,M,"{""birth_date"": 0.0, ""name"": 1.0, ""name_tftoken"": 1.0}",,,,
xwd:sha256:d784f165ceac55e9580ecae0870d875c04847e9b494f7dd11226e32cd30334bb,review,0.6667,1.0,823,2018-05-25,Carlos Enrique Rivera,M,852,2019-03-14,Carlos Enrique Rivera,M,"{""birth_date"": 0.0, ""name"": 1.0, ""name_tftoken"": 1.0}",,,,
xwd:sha256:ceb4ed905651157a3bfe3b534c67c48db6f1e5eba767d1c2153c2f437dfc7e1c,review,0.6667,1.0,824,2018-11-09,Jose Daniel Martinez,M,853,2018-10-18,Jose Daniel Martinez,M,"{""birth_date"": 0.0, ""name"": 1.0, ""name_tftoken"": 1.0}",,,,
xwd:sha256:409177ccb8c3ebaa7eb6e75fe400219f7a6d5b04a5797cda86082a20e8cbf5f2,review,0.6667,1.0,828,2017-10-24,Jose Ramon Alvarez,M,886,2017-02-21,Jose Ramon Alvarez,M,"{""birth_date"": 0.0, ""name"": 1.0, ""name_tftoken"": 1.0}",,,,
xwd:sha256:0a11e98645cf970a7c61f2e21e8d846a80af410dc8c1c78e0e9839ce5406d51a,review,0.6667,1.0,833,2017-05-11,Andres Eduardo Ortiz,M,862,2019-06-28,Andres Eduardo Ortiz,M,"{""birth_date"": 0.0, ""name"": 1.0, ""name_tftoken"": 1.0}",,,,
xwd:sha256:a053760bd9698806740d2b8a8c1092b293900a7771e9729dbc43a2fbf3578f1b,review,0.6667,1.0,834,2016-08-04,Luis Enrique Gonzalez,M,863,2017-11-21,Luis Enrique Gonzalez,M,"{""birth_date"": 0.0, ""name"": 1.0, ""name_tftoken"": 1.0}",,,,
xwd:sha256:e399cd3d6914b08d5593268181ad868167c6e68abadfa6728131b565a50ad186,review,0.6667,1.0,837,2018-01-17,Javier Arturo Ramirez,M,866,2019-03-09,Javier Arturo Ramirez,M,"{""birth_date"": 0.0, ""name"": 1.0, ""name_tftoken"": 1.0}",,,,
xwd:sha256:48ad68675e26cbf2c8e574552eb0dd29f6d83c1baf3512fa4925fa97c46e3ee0,review,0.6667,1.0,840,2017-10-11,Ricardo Gabriel Ortiz,M,869,2018-05-05,Ricardo Gabriel Ortiz,M,"{""birth_date"": 0.0, ""name"": 1.0, ""name_tftoken"": 1.0}",,,,
xwd:sha256:266874f7d9ed4d4f2911df3efb41e40ab5315b1dde9f3f8f68d1bc9d64428433,review,0.6667,1.0,844,2018-08-25,Juan Carlos Chavez,M,873,2019-02-18,Juan Carlos Chavez,M,"{""birth_date"": 0.0, ""name"": 1.0, ""name_tftoken"": 1.0}",,,,
xwd:sha256:10fca41a964cb7088f3fdd8d7f59a2ebbcfc5ffe5051bc4ac0aaa72b1d84cc78,review,0.6667,1.0,847,2017-03-05,Angel Luis Gonzalez,M,818,2018-08-16,Angel Luis Gonzalez,M,"{""birth_date"": 0.0, ""name"": 1.0, ""name_tftoken"": 1.0}",,,,
xwd:sha256:cdc65619b00253a59eae0deb47376c0e63e7df3044e721c9f151cd852ad463a9,review,0.6667,1.0,847,2017-03-05,Angel Luis Gonzalez,M,876,2017-08-30,Angel Luis Gonzalez,M,"{""birth_date"": 0.0, ""name"": 1.0, ""name_tftoken"": 1.0}",,,,
xwd:sha256:59e3c70834fbc5793932454a346b07455cd4347142821baff1194c836a19dd1f,review,0.6667,1.0,848,2017-11-17,Victor Hugo Ortiz,M,819,2019-06-20,Victor Hugo Ortiz,M,"{""birth_date"": 0.0, ""name"": 1.0, ""name_tftoken"": 1.0}",,,,
xwd:sha256:a01ab8aa45df105a2da83d5e3ae76fd4256d5bb8f1ffcec0988753b73a2f45da,review,0.6667,1.0,850,2018-09-05,Gabriel Eduardo Rodriguez,M,821,2017-03-01,Gabriel Eduardo Rodriguez,M,"{""birth_date"": 0.0, ""name"": 1.0, ""name_tftoken"": 1.0}",,,,
xwd:sha256:3bdfe9470f0c04feaec4743c46436ab945877c44370bb65703dd9f5af6aa77e3,review,0.6667,1.0,850,2018-09-05,Gabriel Eduardo Rodriguez,M,879,2019-03-24,Gabriel Eduardo Rodriguez,M,"{""birth_date"": 0.0, ""name"": 1.0, ""name_tftoken"": 1.0}",,,,
xwd:sha256:ddb34778086f91691142ce009f6dc6b1010e68adabb87d2d17cbb0a6130b8490,review,0.6667,1.0,851,2017-06-13,Miguel Angel Sanchez,M,880,2017-05-12,Miguel Angel Sanchez,M,"{""birth_date"": 0.0, ""name"": 1.0, ""name_tftoken"": 1.0}",,,,
xwd:sha256:485949495605cff8ffec88ca5e35b3f09ecc2eebea9865f54138027b66a47dbc,review,0.6667,1.0,855,2017-07-21,Guillermo Antonio Ramos,M,826,2019-08-11,Guillermo Antonio Ramos,M,"{""birth_date"": 0.0, ""name"": 1.0, ""name_tftoken"": 1.0}",,,,
xwd:sha256:17be8610eb2243c53ae94e9498797e5094dd9c8f0057a9a45513f75d5d54e8fa,review,0.6667,1.0,857,2020-08-10,Jose Ramon Alvarez,M,886,2017-02-21,Jose Ramon Alvarez,M,"{""birth_date"": 0.0, ""name"": 1.0, ""name_tftoken"": 1.0}",,,,
xwd:sha256:545e6c79b0c54aecdd0fc770937b368ef2f6aa434657a063d633041ff2ebe228,review,0.6667,1.0,858,2018-11-08,Hector David Cruz,M,829,2018-07-28,Hector David Cruz,M,"{""birth_date"": 0.0, ""name"": 1.0, ""name_tftoken"": 1.0}",,,,
xwd:sha256:efd2cc2074241ca317ef62e560cfeba83f3be293616aee06ddc9f182b2ab80f2,review,0.6667,1.0,859,2017-04-11,Ricardo Jose Rodriguez,M,830,2019-12-21,Ricardo Jose Rodriguez,M,"{""birth_date"": 0.0, ""name"": 1.0, ""name_tftoken"": 1.0}",,,,
xwd:sha256:116491f3bdb2c91e8f29740265a1d3fbbf412186aff76e4444705fb24962cd2f,review,0.6667,1.0,861,2018-05-27,Juan Antonio Flores,M,832,2020-11-26,Juan Antonio Flores,M,"{""birth_date"": 0.0, ""name"": 1.0, ""name_tftoken"": 1.0}",,,,
xwd:sha256:d4ac4e91c817426f1ce915c7eb1c695b31e3e30245d6f57ec1ba9cbd1dc8a0a3,review,0.6667,1.0,867,2018-02-04,Roberto Antonio Hernandez,M,838,2018-12-06,Roberto Antonio Hernandez,M,"{""birth_date"": 0.0, ""name"": 1.0, ""name_tftoken"": 1.0}",,,,
xwd:sha256:76b02de6d9c29e9c162e308b76ce648c403bec846b71f63d5a177616eab39698,review,0.6667,1.0,873,2019-02-18,Juan Carlos Chavez,M,844,2018-08-25,Juan Carlos Chavez,M,"{""birth_date"": 0.0, ""name"": 1.0, ""name_tftoken"": 1.0}",,,,
xwd:sha256:cc98b0f91ad69c5cf96e060566ec69d5d7b658f64aa80a8911a892313185e19e,review,0.6667,1.0,876,2017-08-30,Angel Luis Gonzalez,M,818,2018-08-16,Angel Luis Gonzalez,M,"{""birth_date"": 0.0, ""name"": 1.0, ""name_tftoken"": 1.0}",,,,
xwd:sha256:e591d9faa7eeb5d0a614dff02971f07d63646d2019414af592f58b9e0f869175,review,0.6667,1.0,877,2018-06-01,Victor Hugo Ortiz,M,819,2019-06-20,Victor Hugo Ortiz,M,"{""birth_date"": 0.0, ""name"": 1.0, ""name_tftoken"": 1.0}",,,,
xwd:sha256:2ee742fa8e9af64d7d0701840af1faf80a6e17d20b4c997138eb119a0e8d2b71,review,0.6667,1.0,879,2019-03-24,Gabriel Eduardo Rodriguez,M,821,2017-03-01,Gabriel Eduardo Rodriguez,M,"{""birth_date"": 0.0, ""name"": 1.0, ""name_tftoken"": 1.0}",,,,
xwd:sha256:489cbdb9b34948ad0e53b5544ef57136b93bfedbe384f2a939894b78c79ee738,review,0.6667,1.0,880,2017-05-12,Miguel Angel Sanchez,M,851,2017-06-13,Miguel Angel Sanchez,M,"{""birth_date"": 0.0, ""name"": 1.0, ""name_tftoken"": 1.0}",,,,
xwd:sha256:6c30e457de112537521217c200a0881e22ff1264b812007cbd5055016e0cfe50,review,0.6667,1.0,881,2020-09-07,Carlos Enrique Rivera,M,852,2019-03-14,Carlos Enrique Rivera,M,"{""birth_date"": 0.0, ""name"": 1.0, ""name_tftoken"": 1.0}",,,,
xwd:sha256:4d156f40d4dafc81e34f33d47d726483d87249c61f5104f20727c9d17360f716,review,0.6667,1.0,882,2016-11-17,Jose Daniel Martinez,M,853,2018-10-18,Jose Daniel Martinez,M,"{""birth_date"": 0.0, ""name"": 1.0, ""name_tftoken"": 1.0}",,,,
xwd:sha256:8fdd57caf0ab7e632bd91119eb82fd04677d55415dccc58518318b599ac4e361,review,0.6667,1.0,884,2018-08-29,Guillermo Antonio Ramos,M,826,2019-08-11,Guillermo Antonio Ramos,M,"{""birth_date"": 0.0, ""name"": 1.0, ""name_tftoken"": 1.0}",,,,
xwd:sha256:ebff552367fd950ffc5ef445f71a28bb3048c67cb0b477a28928ee8e4c23f57f,review,0.6659,0.864,811,2018-01-22,Rico Alo Hernandez,M,811,2018-01-22,Ricardo Alonso Hernandez,M,"{""birth_date"": 1.0, ""name"": 0.864, ""name_tftoken"": 0.134}",,,,
xwd:sha256:ffc3823f6279bdc55e5ff0da6f76eb189b466dd362670b70150a8d1d6789b8ad,review,0.6483,0.783,849,2016-02-23,Gorge A Torres,M,849,2016-02-23,Jorge Antonio Torres,M,"{""birth_date"": 1.0, ""name"": 0.783, ""name_tftoken"": 0.162}",,,,
xwd:sha256:de87bfd4b2696f670dd5cb80434c47194ed796c5beb87d01bcdbd76eaaa2498b,review,0.6423,0.761,624,2017-02-01,Mike S Smith,M,624,2017-02-01,Michael Steven Smith,M,"{""birth_date"": 1.0, ""name"": 0.761, ""name_tftoken"": 0.166}",,,,
xwd:sha256:91ae3db25180e83a5d64a7d7743f80ed56fc11488bd3caabb6ea52f8f129bcb4,review,0.6418,0.678,812,2018-12-13,Dan Castro,M,812,2018-12-13,Daniel Eduardo Castro,M,"{""birth_date"": 1.0, ""name"": 0.678, ""name_tftoken"": 0.248}",,,,
xwd:sha256:f66f0db35eeead4e5e067d5971cca317fd1a5145a3c9d8dd0a046de206fd96f2,review,0.631,0.69,750,2019-03-16,Cammy J Aguayo,F,750,2019-03-16,Camila Josefina Aguayo,F,"{""birth_date"": 1.0, ""name"": 0.69, ""name_tftoken"": 0.203}",,,,
xwd:sha256:94762115f1cd31369dac933d57c831dbf13f933f40145057040d3cf04b51edbf,review,0.6281,0.667,390,2017-05-08,Sam Collins,F,390,2017-05-08,Samantha Faith Collins,F,"{""birth_date"": 1.0, ""name"": 0.667, ""name_tftoken"": 0.218}",,,,
xwd:sha256:04a44fa2922cd0e4de612c3bc915da42695bfa5a33668fcc81fa9b1a36f61c07,review,0.6235,0.8,466,2018-09-26,Brooklyn Rodriguez,F,466,2018-09-27,Brooklyn Marie Rodriguez,F,"{""birth_date"": 0.35, ""name"": 0.8, ""name_tftoken"": 0.721}",,,,
xwd:sha256:b99158e19a6d783732f72dfa88877c0751ec52cc28b1dd15bb370b080d4d473e,review,0.6204,0.669,790,2018-12-06,Antonio Javier Martinez,M,838,2018-12-06,Roberto Antonio Hernandez,M,"{""birth_date"": 1.0, ""name"": 0.669, ""name_tftoken"": 0.192}",,,,
xwd:sha256:3c17e5d47d99e7e3e9b1277606f9e9884c491990b50c8b656a9daf1af48ff8f2,review,0.6157,0.686,854,2019-12-14,Luis Fernando Hernandez,M,804,2019-12-14,Juan Pablo Hernandez,M,"{""birth_date"": 1.0, ""name"": 0.686, ""name_tftoken"": 0.161}",,,,
xwd:sha256:b1dd5100b90ea201328b56c887cabaa43b52d5cfba94fa687c10ad52d3d635b6,review,0.6132,0.692,28,2018-03-03,Sorry Lucia Davis,F,315,2018-03-03,Evelyn Faith Davis,F,"{""birth_date"": 1.0, ""name"": 0.692, ""name_tftoken"": 0.147}",,,,
xwd:sha256:b40a790426e0678a230ab9ffad34c741e9c342f5c3115070862cb129cc4f2f4d,review,0.6043,0.8,279,2018-04-10,Xavier Mitchell,M,279,2016-04-10,Xavier Jamal Mitchell,M,"{""birth_date"": 0.35, ""name"": 0.8, ""name_tftoken"": 0.663}",,,,
xwd:sha256:b380980411b4151357549da2f203e0c8427ad4c5356b848898c7742fe095d1f2,review,0.6032,0.665,257,2018-11-18,Desiree Monique Davis,F,336,2018-11-18,Everly Sophia Davis,F,"{""birth_date"": 1.0, ""name"": 0.665, ""name_tftoken"": 0.144}",,,,
xwd:sha256:d521093f0cbecf0f90e6431ecad04c89ee9a9aaa5c1fe0c446ff63241a770b0b,review,0.6032,0.665,336,2018-11-18,Everly Sophia Davis,F,257,2018-11-18,Desiree Monique Davis,F,"{""birth_date"": 1.0, ""name"": 0.665, ""name_tftoken"": 0.144}",,,,
xwd:sha256:c0c691dd02288c1761b04e2c4b08bda956957237fd17ded7f055a33b5b79b1fc,review,0.5941,0.643,968,2018-10-28,Ben T Lee,M,968,2018-10-28,Benjamin Thomas Lee,M,"{""birth_date"": 1.0, ""name"": 0.643, ""name_tftoken"": 0.14}",,,,
xwd:sha256:7304c6a3bf232d35fdb890e553115d92b7e45bd111deca610c1e197e3f0124f2,review,0.5891,0.8,746,2016-12-16,Antonia Reyes,F,746,2017-12-16,Antonia Ines Reyes,F,"{""birth_date"": 0.35, ""name"": 0.8, ""name_tftoken"": 0.617}",,,,
xwd:sha256:a6843410fbd789ec064ad9722cadc8b1cecbd11c81a1810a635d4c2ab051831b,review,0.5887,0.615,965,2018-12-27,Luna Marie Taylor,F,458,2018-12-27,Zoey Marie Davis,F,"{""birth_date"": 1.0, ""name"": 0.615, ""name_tftoken"": 0.151}",,,,
xwd:sha256:204a16939854e67170da6e861dc0b9915d4b7ff56373c4f0835d96e5075a6d3b,review,0.5859,0.8,866,2019-03-19,Javier Ramirez,M,866,2019-03-09,Javier Arturo Ramirez,M,"{""birth_date"": 0.35, ""name"": 0.8, ""name_tftoken"": 0.608}",,,,
xwd:sha256:8786b0147000041368fc46580a80a48c62b25c3def0e254f12a118f46030a614,review,0.5814,0.594,315,2018-03-03,Evelyn Faith Davis,F,28,2018-03-03,Sari Lucia Davis,F,"{""birth_date"": 1.0, ""name"": 0.594, ""name_tftoken"": 0.151}",,,,
xwd:sha256:ac61ba3ea862ba1e311095aae476b7ed2a174c957197d16b7fdaec8db4f2f775,review,0.5648,0.8,831,2016-03-14,Manuel Alejandro Ramirez,M,805,2016-03-28,Manuel Alejandro Martinez,M,"{""birth_date"": 0.35, ""name"": 0.8, ""name_tftoken"": 0.544}",,,,
xwd:sha256:b14579c37bc51e2209ee480724f93fa6b58cb7fcc7ddcf3556d542f3bc6e7440,review,0.5531,0.8,791,2017-01-12,Miguel Angel Gonzalez,M,880,2017-05-12,Miguel Angel Sanchez,M,"{""birth_date"": 0.35, ""name"": 0.8, ""name_tftoken"": 0.509}",,,,
