score,distance_km,osm_name,grid3_name,decision_id
0.6984,0.38,Gurduba Health Post,Gurduba Primary Health Care,xwd:sha256:b5970ec22ca1965296ad78c38698bb87408a4939bb4e99b4e987e4d54b96aa43
0.6949,0.04,Lambu Primary Health Centre,Lambu Basic Health Center,xwd:sha256:8f4f96f34fb6a62595c96250963837ade9a09b9d1c9f2e5ceb9d56689a2caf0d
0.6926,0.02,Dawaki General Hospital,Dawakin Kudu General Hospital,xwd:sha256:6a8a3215966161b4f99189fc539349075fee32d487ab85a980b26a0255664761
0.6910,0.00,Tsalle Health Post,Tsalle Primary Health Care Center,xwd:sha256:5cd131f1bd7ab87dece157853becab5441fd4b98db31375c83d8d54c95ae239b
0.6890,0.99,Tariwa Primary Health Centre,Tariwa Health Post,xwd:sha256:b585cb856f302f411bbd6531b3402ed8c7bfc9f9ea6b056fcb065fc3135ee1ae
0.6861,2.64,Jibga Fulani Health Post,Jibga Health Post,xwd:sha256:fabcb2cc6570a40c32980fcea0511670fc03afb69b1af9cefaedc161ab114394
0.6839,0.14,Sauna Kawaji Health Post,Sauna Primary Health Center,xwd:sha256:f8e825c1ce422b937a54317fdfa348bb89e0174b544cdcd63c995295c9e6d970
0.6832,0.13,National Orthopaedic Hospital,Dala National Orthophedic Hospital,xwd:sha256:febe82af13880489d889b87d282b58a199d865901f82c4e1423cef5f5572e926
0.6802,0.05,Dawaki General Hospital,Dawakin Tofa General Hospital,xwd:sha256:dbbad19becc119beab043eaad231568cde1117167b385e7e49aaa2443c4163fe
0.6755,0.05,Dadin Kowa Primary Health Centre,Dadin Kowa Nursing and Maternity Home,xwd:sha256:5f45e55f734f2a01487de0c82a1ddfb8be287c36ec928996fa9380f4b9a688c4
0.6718,0.02,Gwarmai Health Post,Gwarmai (Bebeji) Primary Health Center,xwd:sha256:46c184cc52a69f8f2d907cd6e21a9162b6edeb49bf0c12c5b5406cb374ed51ab
0.6717,0.02,Gwarmai Health Post,Gwarmai (Bebeji) Primary Health Center,xwd:sha256:170ac4dd47b2a8645f567464885f9b913e058290f2dbdf68d67d6e862a52e1fe
0.6711,2.27,Yammawa Health Post,Yammawa Wanzamai Health Post,xwd:sha256:cd68b52926fc874d56e595c1f7c55b19245b2a190f4e4032be209fcebfdce1b5
0.6710,0.00,Unguwar Malam Amadu Health Post,Unguwar Mallam Ahmadu Health Post,xwd:sha256:dcad0b809bd86a97902b91ab41d532d3881581a2fa93a2c3f52387074561960b
0.6696,0.92,RIMIN KEBE MEDICINE STORE,Rimin Kebe Health Clinic,xwd:sha256:3a6b582af4509db40b764408272e1681e5f74b91348d49c201c92fae4355ef48
0.6693,1.75,Kafin Lemo Health Clinic,Kafin Lemu Health Clinic,xwd:sha256:19746097912382fd1a8452b9ccff4f02dbc2e0969e3c006347a876e16fffac01
0.6643,0.00,Yakasai Health Post,Yakasai (Dawakin Tofa) Health Clinic,xwd:sha256:3803c3501ef6774f45db7ce0857580683a2ada7b4476842a0075ada19ede78d1
0.6637,1.15,Yola Primary Health Centre,Yola Health Post,xwd:sha256:699f7da4b193a8ccfd496a9f4ad26ee32bca88654ebaca74efd32c9c2b886bd2
0.6636,0.01,Jauben Health Post,Jaube Health Post,xwd:sha256:e840af26ed0ae318b7cf8a689969b091b7ffb0f9095551c1a5b5e73117215fbb
0.6626,0.04,An Nur Specialist Hospital,Al Noury Hospital Specialist,xwd:sha256:ca5ffdfff6ceabf776668933f55d1562c6f33853d298111182ab177f64fec431
0.6609,0.00,Tabani Health Post,Tabanni Health Post,xwd:sha256:8e88f39060ebde0eeff468da2d1da891067f2be7baacb353fb43636fc8b6fda7
0.6608,0.00,Yaan'Awaki Health Post,Yan Awaki (Tyw) Health Post,xwd:sha256:b9806733e443d26f08356b32be980b18ff4a90cf6a276cbf3994ee11b4db07b0
0.6607,0.05,DALAL CLINIC,Dalal (Ungo) Health Clinic,xwd:sha256:348744241862e8f44164219b36bd1118ccea64720dca18972dc003c98dea7cc5
0.6603,0.02,Patricia General Hospital,Patricia Maternity Clinic,xwd:sha256:018a0963dd3f4847388317148afc2951624987be78e528fe7d4b4733c9741503
0.6596,0.00,Baguja Health Post,Bagujan Health Post,xwd:sha256:7cd55ac5621160c10d9a3952ef5799c18788a16ac0402a89db19b7c4674d45e5
0.6579,0.00,Kalahaddi Health Post,Kalahadi Health Post,xwd:sha256:87b4388085be7a9586a59201bc97bc7547f0587cd7d64624e7037a34233b3f40
0.6578,0.00,Gajida Health Post,Gadija Health Post,xwd:sha256:bcfc946fc3fc7e55342bdaa336eced0800f77ed15f533c94f2bb9f3ca9f99842
0.6570,0.00,Jujin Health Post,Juji Health Post,xwd:sha256:205addae5700da89f7c0153983ff238f7623430792d7b707c606fea79d1b6b2a
0.6563,0.01,Yauwra Health Post,Yaura Health Post,xwd:sha256:6b1cac98346027f2ecf4ed60348d4af04af9b61bea54c1cc85c8afdfa72626a8
0.6556,0.00,Daradau Health Post,Daraudau Health Post,xwd:sha256:4b93f6b03adb3bceeb979cd07d6abe266372177007413d75852069ee459626e9
0.6555,0.00,Takau Health Post,Takai Health Post,xwd:sha256:f5cffc6022fb3c56feab69b6650999b8ca33e081598a1cd0add1069cf635fd94
0.6549,0.01,Maigari Health Post,Magari Health Post,xwd:sha256:ee69a591dc359552e7ef4312e266e4fe80a0414dc70b9f802b222bd8713b56fd
0.6547,0.17,Sabon Layin Kara Health Post,Sabin Layin Kara Model Primary Health Center,xwd:sha256:1988d03dd6b1eae13c1eed1c3648ba534b9a6df95ccd6dfc7814d9c798038dcc
0.6542,1.61,Garko Primary Health Centre,Garko Dukawa Primary Health Center,xwd:sha256:093cdcd868b2b4099b0ec27ba4b8220e6caa7fb087c43db0210e832a47eade1d
0.6540,0.01,Achilafiya Health Post,Acilafiya Health Post,xwd:sha256:01ea4acaf0c00b104f2502c37a26e3a264bb62edd6531e3a95a2e056979d9c3f
0.6533,0.00,Ganji Health Post,Gamji Health Post,xwd:sha256:84654d91acf41800ae3c4a1172f8c40786279fb4d9f09c7fbe138e9509b8c64f
0.6532,0.00,Danzabua Primary Health Centre,Danzabuwa Primary Health Center,xwd:sha256:04df6c57eb2cfeab8e8766dcd792861c9699f677302d7864bd406e65762ad23d
0.6530,0.01,Nigerian Air Force Primary Health Centre,465 Nigerian Air Force Base Hospital,xwd:sha256:8320f63811bd586b5dbb77b39fa0dcf2c916668f2a4565c404ed3d150e916f5d
0.6524,0.00,Danmadaki Health Post,Danmaidaki Health Post,xwd:sha256:ad8d19066c558a47f2d7253fed99924f9d15ed57d4411d0caf0ce6ecd0a3fadd
0.6524,0.00,Dankunkuru Health Post,Dakunkuru Health Post,xwd:sha256:00e2fb0b64d7531e1aa3ab7f633cc583da8a47d8704c5888474d5ae8ef362073
0.6522,5.29,Karshi Health Post,Karshi Health Clinic,xwd:sha256:da60e1e10c442af429f63cd40f2cc01fc205bb3d8e4d139e0ef6f57c04a3b396
0.6516,0.01,Gandurwawa Primary Health Centre,Gadurwawa Primary Health Center,xwd:sha256:0964ece0eb24f4b766ca5694297be06cf5f59eabacc3d6b5a4698ee6a2b2df4d
0.6515,0.00,Munsira Health Post,Muntsira Health Post,xwd:sha256:567c2dd33ae22f31a35995e24787bc171568ad258028bd3d0d349067219a3a05
0.6514,0.00,Gammo M.P.H.C Primary Health Centre,Gammo Primary Health Center,xwd:sha256:1a7c186b1ded8fb078fc2afb40df64de9abd7d4689f0894af34873ee41d6db0a
0.6514,0.00,Kwuidawa Health Post,Kuidawa Health Post,xwd:sha256:929021899015ef1de6d72fff477e1c0d3177f275fb97e1df6e192d65ba3224e0
0.6510,18.36,Tattarawa Primary Health Centre,Tattarawa Primary Health Center,xwd:sha256:d9e85d0fed45d786b9df2584b0937f18df2b08876049460cd7cca8e0e5f34a98
0.6506,0.10,Malikawa Garu Health Post,Malikawar Garu Primary Health Center,xwd:sha256:72227292b94fa45abc079c75d02fa59204aeb7cf942efe19919cac6d6c4390ba
0.6504,0.00,Dunbule Health Post,Dumbule Health Post,xwd:sha256:92c3edb7c7d74722cd05841cbe0a1baf25570c6817c2c8a018bce71815f0ca1c
0.6503,28.04,Gayawa Primary Health Centre,Gayawa Primary Health Center,xwd:sha256:a21f6b4d47bb7d127d2799ae89e1b6c3e1905865538487ef364d185dac676db0
0.6503,0.02,Masu Primary Health Centre,Massu Primary Health Center,xwd:sha256:c1c6110775ca82b7e7dd15a1288ea2c4739fdd913d31fe5e5b2bc15dceba2c55
0.6493,0.01,Gagarame Health Post,Gagarami Health Post,xwd:sha256:26ce670be3e043cba2de4b492bd75c0f1ed652af3aa91708b81914bb183209e6
0.6492,10.11,Yola Primary Health Centre,Yola Primary Health Center,xwd:sha256:e7ff618244dd7d2e7430897d36123c9bbe60ba345dbd61c20ad177c529eb5f03
0.6487,0.01,Dalal Mahuta Health Post,Dallal Mahuta Health Clinic,xwd:sha256:57ad662774460890038f05405a6b63cf239a118d921ceea77084230cdc19965b
0.6482,105.46,Falgore Primary Health Centre,Falgore Primary Health Center,xwd:sha256:5fb80e8a21cf531b3573ccc79e3bcff1ee85f771221d2e2fde1e1ef3f8e8db71
0.6480,82.59,Burji Primary Health Centre,Burji Primary Health Center,xwd:sha256:d4397575842e87597c95bdb482e9936cfc04a59791445d51e1c5979aa06e2b62
0.6480,82.54,Karfi Primary Health Centre,Karfi Primary Health Center,xwd:sha256:2d77cf26028c58e12ab0cb97c523980c9088dd85a2adcf6c9654155bc761a572
0.6480,82.59,Burji Primary Health Centre,Burji Primary Health Center,xwd:sha256:8a1f21d10a3034f25af657831b5de10a0f4311091cb3d4b6e813fd68fa8840b4
0.6478,0.85,Gama Health Post,Gama Health Clinic and Maternity,xwd:sha256:f58f7dab5c9bead9912878f24c215bc0b5a92950c4ba22be5c28d7705be9cf1e
0.6466,0.05,Ajingi Primary Health Centre,Ajingi Cottage Hospital,xwd:sha256:6cf312ce635aa24ec4fe263297113b038eb719b0b1f04ff3cf9f37ad0c9b09c1
0.6452,41.89,Chiromawa Primary Health Centre,Chiromawa Primary Health Center,xwd:sha256:0deca18cb76f6eb71426ba65b757968a252eb278bc5c6009b47ef77e37c3b38f
0.6452,41.90,Chiromawa Primary Health Centre,Chiromawa Primary Health Center,xwd:sha256:fb2ea2695860b848ff393a40660c63f044679da23ca3315912297e7be1379379
0.6438,0.91,Rijiyar Lemo Primary Health Centre,Rijiyar Lemo Maternity and  Child Health Clinic,xwd:sha256:f930a01e143e23f9ac3dd738cfe996f1d044b8ff92053d90dde8cdca52419fc4
0.6432,0.00,Dungurmi Health Post,Dangurmi Health Post,xwd:sha256:4886ae4f7e316f1e8eb736538b03445e07522da6decd7ec49fd256f28dfe4e28
0.6428,2.02,Bagadawa Health Post,Nassarawar Bagadawa Health Post,xwd:sha256:8fd32df1d12c6aa538c48fbd10077d050377f8d96b361fdd6c814ebf0fcc8ca7
0.6425,2.27,Yammawa Gamji Health Post,Yammawa Ganji Health Post,xwd:sha256:7b6589a7d26b7110b184d80d917cb23fb7a1adf2f1f2858de41121a619f2ea03
0.6424,0.06,Yanmamman Health Post,Yammamman Health Post,xwd:sha256:987b829bbfe21b4aaba301145cb50ea9b53dd6a8107aafd836092d313d8340bd
0.6423,0.00,Shawu Health Post,Shawa Health Post,xwd:sha256:62cb009069d0907c006f6a18fde3b21cf78bc17034f3735e5a874ea13b5fe301
0.6418,0.01,Durbunde Primary Health Centre,Durbinde Primary Health Center,xwd:sha256:d9c1866d70fa02cc9e23e77116ad451b228692744be500bb7ce824004a28fe70
0.6418,86.41,Tudun Wada Health Post,Tudun Wada Ggss Health Post,xwd:sha256:7dba809ddd11532dd4b41ce653ed0690119dbecdf366a9efc7e3e37b95b15e1d
0.6416,69.31,Goron Dutse Health Post,Goron Dutse Community Health Post,xwd:sha256:e0715d9b9949fc6a59635d2be4a56c2d02c6524ab8ba4e0277ff931908b941e9
0.6415,0.01,Karmami Primary Health Centre,Karmami Maternity and  Child Health Clinic,xwd:sha256:d88ba89cae6f223a21025e455985538581d1c787265a03a9083f17ff282c5710
0.6409,0.04,Armed Forces,Nigerian Armed Forces Hospital Specialist,xwd:sha256:b1ddcff76434aeb80b3487172cd28cc1e44566ae262ca3c98d89f3f82803683d
0.6407,0.49,Hotoro Primary Health Centre,Hotoro South Health Clinic,xwd:sha256:cdc63ce7b2e01ab698ae7db8642b78cf4a4b6d23a8c8780ddd61472b48444ce2
0.6405,69.75,Yalwa Primary Health Centre,Yalwa Primary Health Center,xwd:sha256:46de86548680211779f0be92dd9728990f133ab090e38c13d382c5de6347fa84
0.6402,1.39,Hotoro Primary Health Centre,Hotoro Danmarke Primary Health Clinic,xwd:sha256:7b78fa8defe1e8aa1486ef30ae8f446d1094a3d75c645c37e80b2ffdaf09effa
0.6401,0.00,Belli Health Post,Balli Health Post,xwd:sha256:788f9ed0f0096564efb6efbe817e00c959ccef91112d10ebe4dab0ed187071da
0.6400,0.00,Fagwalo Health Post,Fagolo Health Post,xwd:sha256:ebe7ba6912b199707919c4ee68db1c2b236d700a537c72ed847be9e5b7daaec5
0.6395,0.00,Fanidau Health Post,Fan'Idau Health Post,xwd:sha256:e34b4341302d93da84a8ca3f34fdb6a1a3cd5a0bf4082e2cc23697e4ba5ac466
0.6394,0.00,Umbarum Health Post,Umbara Health Post,xwd:sha256:2418918da3f75e6a3e84cac2930cd5c46402fb2d0bac078c15035160d6ee28e7
0.6387,0.00,Ririwai Primary Health Centre,Riruwai Primary Health Center,xwd:sha256:8fdf023a2e20ea3d610219fbd3a0c862413cb0206ff0e878e18b66bc9b89eca3
0.6385,0.02,Dawaki Health Post,Rano Dawaki Health Clinic,xwd:sha256:f9fd3fa66e78519e580fc0bed00c6fa45cf03aeca3ab4ba238e4c83c3df9fcbe
0.6381,0.00,Sambauna Primary Health Centre,Sanbauna Primary Health Center,xwd:sha256:b5f8beeab304f82f39860a30d83071d390cc6dfb12e8e00bdd0d50d6c53834a5
0.6379,0.00,Kafinmaiko Health Post,Kafin Maiko Health Post,xwd:sha256:b5f30511cdea68062ea32c64e95a812561933fca97c172b86bc2928e87c77731
0.6376,19.69,Sabon Gari Doka Health Post,Sabon Doka Health Post,xwd:sha256:16c6cac23f7e2ef9c99f6c776bf1152a1c1dfc9fa28bf3a42cd3d6d1e2dc90f9
0.6375,0.25,Bichi General Hospital,Bichi Excellence Service Hospital Maternity,xwd:sha256:dc3ef2a25c7f2a3b661d17acbb9422a6367916edede44732726e02c8d2e711a3
0.6372,6.90,Dausayi Health Post,Dausayi Health Clinic,xwd:sha256:b6505eb3b453edbe4272ebd33076848370f1d62a0e00ef83ae30eef4839bb867
0.6368,0.93,Rijiyar Lemo Maternal and Child Health,Rijiyar Lemo Model Primary Health Center,xwd:sha256:88e110db593c90fa0ba1fc048a19fb225ddacc35e645c4896fabe30f603e2efd
0.6363,0.00,Garko Primary Health Centre,Garko Ahip Family Health Clinic,xwd:sha256:addbf0863eaea64896990cdb64766c288bdcb3ea255eeea2792c89aa47315b10
0.6359,0.32,Tsanyawa Primary Health Centre,Tsanyawa Ecwa Clinic,xwd:sha256:9f7f8f8d833dd9f1de0680ec367d83f41bb2b5763bedc34c1da50b0e32576368
0.6306,20.33,Bachirawa Health Post,Bachirawa Health Center,xwd:sha256:808e895cbe4cff3b1395c0d3777b11f2bdaa4341b58e476739261b5c9b97a307
0.6304,0.00,Kwachiri Primary Health Centre,Kwacire Primary Health Center,xwd:sha256:a8f2d64234b0c3dc548731f5f0c03cb6104f8068264633181e8b8e08051dec88
0.6296,11.99,Kadafa Health Post,Kadafa Health Center,xwd:sha256:d67f02eef20b47b2118731b18ca0303ef1377ec360a113bf48c89dcea36ce783
0.6294,0.04,Danhassan Primary Health Centre,Dan Hassan Primary Health Center,xwd:sha256:2749007dacd41766268dc314147b5afed312071a6227cfe382d2a99d81a42129
0.6288,15.33,Gargari Health Post,Gargari Health Center,xwd:sha256:07e0e99310a5d54ebe93e761e325a58da455af26f529e7fa997afb35c74ad24e
0.6263,0.00,Jigawa Satame Health Post,Jigawar Satam Health Post,xwd:sha256:c858af2c1978e9ea0b4e10b3f90e3614d09e2a5b469e36020915dab3758d47f2
0.6259,40.40,Badodo Health Post,Badodo Health Center,xwd:sha256:18d003e6f37b1ba0153d177897ef44bde7a178c3a475f661da65b77f3db846a2
0.6257,0.00,Dala Health Post,Dala Primary Health Care Center,xwd:sha256:cc6fa12593dab9437f8bd4b525f1b427f8979692f9c1331d79cd655522db7985
0.6256,0.04,Kudurun Health Post,Kundirin Health Post,xwd:sha256:588ed8c542b3ef24bb9fa7bf7b3be7e105dd7bd72f6b0c42201124201b1c2b21
0.6237,0.00,Unguwar Turaki Health Post,Unguwarturaki Health Post,xwd:sha256:c938c6ee733155e09a04978119e8bcef19916437aa5be8f7e2f11e791d5ee748
0.6234,35.08,Butu Butu Health Post,Butu Butu Health Center,xwd:sha256:99841d41d861bd1af53e178cc5a25287ad1d10f8ce5746b54e13237b2f8bd32c
0.6234,0.02,Sani Mashal Primary Health Centre,Sani Marshal Memorial Maternity and Child Health Centre,xwd:sha256:eb4b4fd76df16fbd0cb917e17586252c5f7d82ca242587fd023b59561cf26663
0.6227,16.95,Romi Health Post,Romi Health Center,xwd:sha256:8366dcc100bd51a35935a5f114e7585872ea3c68a19b45bfffa658ab81be9e87
0.6222,0.03,Abdullahi Muhammad Wase General Hospital;Kano Emergency Operations Center,Mohammed Abdullahi Wase General Hospital,xwd:sha256:49f20f151c765ed33d453823e59a5489d035a3ea10cf246b7248df729995898e
0.6220,0.01,Yako Primary Health Centre,Yako Basic Health Clinic,xwd:sha256:436588a630a8fd4ca0aa61f6443e89162a31bbd54cdbd91ff4333ce82d4546c8
0.6215,0.00,Kafin Sidda Health Post,Kafinsidda Health Post,xwd:sha256:4ac336d0b26cc98000beb32faf87e2e7d06585ba2cc697f2c5a73a2478768f8a
0.6214,0.02,Yako Primary Health Centre,Yako Basic Health Clinic,xwd:sha256:46e52be8f6f996a70998b3a09375e1ed1327fe3eb5ddbb954822c22ac2bf3c4f
0.6214,17.30,Gabari Health Post,Gabari Health Center,xwd:sha256:ffcf4a949e9ded104df61d96606f5293d72eeb89d89f95a69fe472fef6d0b599
0.6200,62.54,Kantudu Health Post,Kantudu Health Clinic,xwd:sha256:30e133d59e6673187c9ac5f748dfb626e15e350d9e0edd093edb0d4be89b6413
0.6197,0.00,Kazar Daw Health Post,Kazardawa Health Post,xwd:sha256:0d15cd7e592e18af37073ef6a756d34f3f7a693e5df159a9777d95989c076798
0.6196,2.91,Shuwaki Primary Health Centre,Shuwaki Model Primary Health Center,xwd:sha256:ea1eedb47c65ba64003d8c6c857bcf7940313cd086c30a0504ae991e05596ab1
0.6191,0.00,Tashar Basa Health Post,Tasharbasa Health Post,xwd:sha256:a10bfe809852db136f69c3a62d8c6e3b3d87b43b9a66ef8df6f2527cec1815f6
0.6184,97.11,Yan Kau Health Post,Kau Kau Health Post,xwd:sha256:768e51a71851fc82255b7aefc8896463b5b34b9f218135a47d709662674e835e
0.6184,1.40,Gezawa Health Post,Gezawa General Hospital,xwd:sha256:b1ae64fe61bf76b3cbf1f115cd63ae1ae3b4e549f995769208cdb2d302b2abaf
0.6171,54.92,Tumfafi Health Post,Tumfafi Health Clinic,xwd:sha256:ba62f150a2e9adf3593d103b5a3778c3ca7974b3dd214d43e77c05da277f6fc2
0.6171,54.20,Tumfafi Health Post,Tumfafi Health Clinic,xwd:sha256:8902b5149fe0bf831d96f9fa543a16ef0411d9e619c7dce1ede82b043d94b6f6
0.6169,0.02,Gurungawa Health Post,Gurun Gawa Health Post,xwd:sha256:cf6f7d5f8e85ca0a76243e3e183bb4dbbec5a3fca48e1a406538ee165687801e
0.6167,0.00,Hawadin Galadima Primary Health Centre,Hauwaden Galadima Health Post,xwd:sha256:77eccee6f335982b5ec0c39b0f45e20e751db5db9012903432ac8830083cf923
0.6165,0.01,Fadi Sonka Health Post,Fadisonka Health Post,xwd:sha256:2b5ff189b2c46437a1688b6c8642de7934c22fef368ce874526c2bd868f3736e
0.6164,13.12,Marke Health Post,Marke Health Center,xwd:sha256:ba75f658275b905e23be640b97c13b0204a57a59b854106a414678eff33562a1
0.6163,0.00,Sarigarin Health Post,Sari Girin Health Post,xwd:sha256:eb02744a7d82bcc9ccfd02b1b4ae2049b1a7a1e75c34b2657a1d523e2183b096
0.6159,0.00,Yankwada Health Post,Yan Kwada Health Post,xwd:sha256:94f95db8c73606dc7bf90c32bcd08eedc98e73c83361c5ce14dcdc00ed8cc51b
0.6159,9.14,Kadawa Health Post,Kadawa Health Clinic,xwd:sha256:9b32a185ae007fd279f914af46b8a8caca7f60271df18487218d4d843a9bc926
0.6157,3.87,Maimakawa Health Post,Maimakawa Primary Health Center,xwd:sha256:791d401db0c39411e542f008039e88debbb05c08aba2391c76fb10f1c7b2dae0
0.6156,66.54,Kirya Health Post,Kirya Health Clinic,xwd:sha256:92a8cb2677d8aa2f96123ab0b9eb47e2c862593dadf36d0bd1650dbb5830ff25
0.6156,0.00,Yankamaye Health Post,Yan Kamaye Health Post,xwd:sha256:0a8f839dd399f9d5829bc12d595a0fa0398838c828fc67eb7014057aa04a8142
0.6154,0.00,Yangwarzo Health Post,Yan Gwarzo Health Post,xwd:sha256:2ae218ae145566997517e5d0d1c59f1cad2ec8ffd490882d5257b09e213b13fa
0.6152,16.52,Kadawa Health Post,Kadawa Health Center,xwd:sha256:46c8d46c425f41dcab2210ce1c5a7d73b9c6a018b8fcd3698b374875497081bc
0.6150,44.49,Badawa Health Post,Badawa Health Clinic,xwd:sha256:7f3cb0557dafe470f22bac75108efafbf9eb4fe1ee70f6caeacdb756d88e313e
0.6150,4.43,Jigawa Satame Health Post,Satame Health Post,xwd:sha256:56a4cb2bb2446ac9169bb7bd814d390b3fbd67a0aa601848cd400c506851cc69
0.6147,0.00,Makamauta Primary Health Centre,Makanwata Primary Health Clinic,xwd:sha256:6612d2c93d8fb3da49741c763dc756532a0b54468b388e780e33b1e72d57dff0
0.6147,0.03,Mesaburmi Health Post,Mesar Burmi Health Post,xwd:sha256:c55a58f55ec32764269820ba164397d9bfc5a6ebbc42c8b9e62624d6b1f523f8
0.6140,70.22,Goron Dutse Health Post,Goron Dutse Primary Health Center,xwd:sha256:8ce0d64e0a7979b75fb862e09c7dd4da6bc56a6ff9e38ecd878def5ef6b7d7f6
0.6137,0.01,Wurobagga Primary Health Centre,Wuro Bagga Primary Health Center,xwd:sha256:ef6e0f2761db9b06d5c759eb7bb2e85682d6c50e50e6df9ff6edf08e96aa67e3
0.6130,0.00,Mesatud Health Post,Mesar Tudu Health Post,xwd:sha256:034046eec4384d91bef5f4880cb43cad6fe9266c2c66e1150f00a85c467776ee
0.6130,0.00,Proposed Paediatric Hospital,New H B Paediatric Hospital,xwd:sha256:9367df1b58af99efabf444a588c09879e3214efeab347b443f703915485865ac
0.6128,36.27,Kawaji Health Post,Kawaji Health Clinic,xwd:sha256:01eaec0f35130dd9ab328bfdc051bedc21ea6e2e0e8674fb42a6201f7c34ed76
0.6128,74.68,Kaleku Health Post,Kaleku Health Clinic,xwd:sha256:eab90157b3228976a79d988378f9eabb9ab728b9f4f3896b0c02579ebe5155f3
0.6127,42.60,Baure Health Post,Baure Health Clinic,xwd:sha256:18e46bc0aa38b951313eff6a3940a0b1870b9004ac2539b267cb922b9a623c02
0.6120,0.73,Dawaki General Hospital,Dawaki Primary Health Center,xwd:sha256:bdfc52fe6e41f17615f35290812080ff975bce91c47cfbb04400e2ec2c42d73e
0.6117,0.00,Yankamaye Primary Health Centre,Yan Kamaye Primary Health Center,xwd:sha256:129dc91d859bb025676daf64c2eaaed3717c25075649966b884d73b09f7939a4
0.6109,0.01,Yandadi Primary Health Centre,Yan Dadi Primary Health Center,xwd:sha256:9bb9f81674c23c4f1d0da74a3bb096b2107257faae3d5c9fd790d833472b199e
0.6106,0.00,Yatsi Health Post,Gyauro Health Post,xwd:sha256:a6f45d65c3349a838fb4899d8f16e3e68510e0c9cd13ac31321beca1aa967f81
0.6105,0.00,Maitsidau Primary Health Centre,Mai Tsidau Primary Health Center,xwd:sha256:9477752af68b4d345a9cf8818bf74b8fcb7d0322f378ca7f13318f835616db00
0.6104,34.10,Yautar Kudu Primary Health Centre,Yautar Kudu Health Post,xwd:sha256:1ee556dbc2273f514a40f751b599e67da5a870cf628222eea9f67ff5bb8b32fa
0.6103,98.63,Dambazau Health Post,Dambazau Yamma Health Post,xwd:sha256:e3ba2a79f1683de4080264462a259592c867bbf795bd058d647e81d7331b38c9
0.6100,0.00,Rimaye Health Post,Rimayen Rake Health Post,xwd:sha256:50297b1471a01bf6f8951df3b9c835e201c570e6837586c1079059abd89e3bbb
0.6099,82.01,Galadimawa Health Post,Galadimawa (Kku) Health Post,xwd:sha256:31e742a0ce2c5aca2bac26a9f9a90d28339e3bde6bbf2bd6f622a4a2651d6711
0.6097,0.07,Yankifi Health Post,Yan Kifi Health Post,xwd:sha256:26ee55dcd134a4f33dd33730d5aa921cfb2686a0686d4e7970ac29421aaf5b98
0.6096,0.03,Kiru General Hospital,Kiru Primary Health Center,xwd:sha256:4e7a4804d2d1a5faf8c0a779718f13fe33d6d2a63ed0aa9a96a9b3b119ba7a44
0.6094,28.68,Jauben Health Post,Jauben Yamma Health Post,xwd:sha256:449236cb01a5e933d05da171f31fdd70d18d4e7c6e6345f34726597e83486f11
0.6094,35.23,Jauben Health Post,Jauben Yamma Health Post,xwd:sha256:3fc69545759e4dc56d99ffb129dba2b7c760a8223e7bc0b2c0e230e3fbda49b2
0.6093,60.68,Dorayi Babba Health Post,Dorayi Health Post,xwd:sha256:193d80517580ce5d0bce29adb6fce10ae2f5659e2ab53952306787e9ac4bcdac
0.6092,62.27,Ba'Awa Health Post,Ba'Awa Primary Health Center,xwd:sha256:78ff008406b229fb4745db3f3f7d4d180fb94fd4abd678a96c92051cd8908171
0.6069,16.78,Amarawa Health Post,Amarawa (Wra) Health Post,xwd:sha256:84b38f77c0cb82c9142e9f492845894a756186c0ac61b65c887decd6aa0d404a
0.6064,1.82,Lambu Primary Health Centre,Lambu Basic Health Center,xwd:sha256:5f9b96adcbcff7b6fd81d3dbe565087057a6fcbdebf8462b4727ca8c43e8fcae
0.6048,0.42,Chedi Maidala Health Post,Chedi Mai Dala Primary Health Center,xwd:sha256:a46088f9f8bc20b654ad18507e5b032d18ab175b904464281832cc715baf6221
0.6034,17.61,Zango Health Post,Zango Health Clinic,xwd:sha256:02f22eadd17496522369105dd976fc623ae1bda00d701ebffa64bc30344756ab
0.6029,61.89,Dalal Health Post,Dalal Health Clinic,xwd:sha256:bb77e79c649e94747bf32ae4643ef5a2654ce40db4b0636e584130341e929015
0.6029,44.75,Dalal Health Post,Dalal Health Clinic,xwd:sha256:4d7b8361570f1dc26af23d792368bc93de4f65cf20c81109d62f054d1bbdef45
0.6023,0.12,Jirago Health Post,Jiragon Makera Health Post,xwd:sha256:1edb1b4e516aa138ef9120b966dc6a86b61320beb1c1f689736f573bc7b983a6
0.6020,8.02,Doka Health Post,Sabon Doka Health Post,xwd:sha256:dbdf72d577110d7169464d076cee1949494777573bbf2d6f0c62e55feddc2ff7
0.6015,0.89,Fuskar Gabas Primary Health Centre,Fuskar Arewa Health Post,xwd:sha256:123b691b90c995a6fac01b91a4614e6898f72e632f07ea80f729121f6c426b96
0.6009,1.05,Kano Emergency Operations Center,Kano Primary Health Center,xwd:sha256:abd6b67bba7596c433bf64fe2ca246774d55ecdefd94c4ea9454258f016c05ce
0.6003,0.00,Nasarawa Health Post,Nassarawa (Tyw) Health Post,xwd:sha256:a7b3f6b13f733d9fb80a7a727a2686c2c4cee6f4662a61f8af455233b766111f
0.6002,71.90,Gabari Health Post,Gabari (Kku) Health Post,xwd:sha256:c548f052628fd05197d3c22bf28966e68179f8b7405150707c0e5aff8d89027d
0.5976,19.22,Gachi Kedi Health Post,Gachi Health Post,xwd:sha256:83bb26979ab9432bcf936185035b7200f0ab46a25861b48d9488efcabcc012c3
0.5970,0.02,Dalal Primary Health Centre,Dalal (Ungo) Health Clinic,xwd:sha256:6391a50ea76b7a1258e53fea502dee8143b4dceb6cf2ccc8729b34e044c62c9d
0.5968,0.01,Getso Primary Health Centre,Getso Cottage Hospital,xwd:sha256:85fd9fde7b89b2e93b7fa081eadaaebbbbf35851e36e8197ffb4364e85045ab4
0.5963,52.48,Zango Health Post,Zango 2 Health Post,xwd:sha256:527594aac8ea25bc79a9d52211b5cbb0026b1c40d126287851c12ac446ffd596
0.5963,44.94,Zango Health Post,Zango 2 Health Post,xwd:sha256:018f553a7edf4fd207479c2266678ce93791c8c59139ddae0200831ad2b907fa
0.5945,0.01,Kirya Health Post,Zaura Health Post,xwd:sha256:b859a7c8e7a68908447fbc46f0e91b1cbeb1eed1dfd97eae01cee430e610fdcb
0.5926,37.27,Yama Health Post,Yama Kanawa Health Post,xwd:sha256:539d4e1474fbb3aebf3cdc938ede26727980785831f308e2aeb234f4f3e77acf
0.5924,6.02,Marke Health Post,Dogon Marke Health Post,xwd:sha256:8c6104eb1a79b750a72ae2e46062910bbcd2f1f088f43a6436c834bd154bdc96
0.5906,13.65,Kawari Health Post,Kawari (Gya) Health Post,xwd:sha256:7ce7cdabe093adc61cdfcaa67b09038471a1b7f8f6867755e0c0144237b039c0
0.5902,0.69,Dawaki General Hospital,Dawaki West Health Clinic,xwd:sha256:0ec69f0a2a93a5ca0bb8151168ba772ed0a184c5aaa4e1313a192505c1db533c
0.5899,4.05,Zango I Health Post,Zango 2 Health Post,xwd:sha256:c31ddcbda6476bc15418a83b6ebae9a8db3cbbdcefecd48146504dd8d073bf92
0.5896,65.55,Yalwa Health Post,Yalwa Karama Health Post,xwd:sha256:ccff6e1108e059fb2fd425456be59c16a38102cde86ad143455f00d4551e684a
0.5896,145.39,Yalwa Karama Health Post,Yalwa Health Post,xwd:sha256:3b4fd92a942b390295572893f80c58d3192f6373a6422566bfc73d7d5e2d823e
0.5895,0.00,Immuali Health Post,Imam Wali Health Post,xwd:sha256:53e44ea3fd429d9d81c88b251e2abe7323aac1ed5863421445052bf46f3cdd9d
0.5893,16.03,Zango I Health Post,Zango Health Post,xwd:sha256:a9d3f004c5c3f8144bd973de3f6863b18e2613ac6a614408bddf046f07f14d7d
0.5890,1.22,Wudil General Hospital,Wudil Primary Health Center,xwd:sha256:a07ec1959d21c21db60c1c6c8e2db884e84e8943526a949db7a16b2e2eee9dba
0.5884,54.16,Zango Health Post,Zango 1 Health Post,xwd:sha256:64da095d3677da087eae48cf432317fadbf9326d9bfbe18b63a0dc6e7803f053
0.5884,23.73,Zango I Health Post,Zango Health Post,xwd:sha256:eb1fcc88ca3d0ef91c68ab1010c29a73ba68ce839b7c8a5bd0ab4d6d130c5d1d
0.5884,45.38,Zango Health Post,Zango 1 Health Post,xwd:sha256:bc5b4f6895981b2326a6cc95990c88aaaed5fa123c2bc3645d9ce191dfe9c33c
0.5883,22.06,Doka Health Post,Sabon Doka Health Post,xwd:sha256:dd16eb288c1dc849bdfd175d5d2ba177478b673920800b8f9b07a01504df9c9e
0.5881,97.96,Tudun Kaya Health Post,Kaya Health Post,xwd:sha256:b1e06bd9b92485340025c51952607515433a112567cdfa3843a5a72cc7e2cf6f
0.5881,97.93,Kaya Health Post,Tudun Kaya Health Post,xwd:sha256:5579b395c522039dbcd8d45ff93b2bce467c2d8f3384d8c338c76c656b65e723
0.5877,0.00,Kara-Dagaji Health Post,Karadagaji Health Center,xwd:sha256:74c3e8cfdd9e4e7d2812213df3fad4f30885628aeb0a3473150099a98e70c483
0.5874,0.00,Kwandarma Health Post,Tunkunawa Health Post,xwd:sha256:621c646899c408c6b153f17167e9d5c18bbd5a0bd60685b92ac16878973c5ca5
0.5873,20.14,Yammawa Health Post,Yammawa Wanzari Health Post,xwd:sha256:c2edfc6160de1839679aaee107a18d0e0b640b4214bd9972391ea525ee4b49d9
0.5867,15.37,Doka Health Post,Doka Dawa Health Post,xwd:sha256:181fd6f7ae0782433212458bf8b48395dfe8303610290faddc3a325e5087f1fa
0.5862,9.88,Gwarmai Health Post,Hayin Gwarmai Health Post,xwd:sha256:7250b0070d691e10c8b1107ced9121dba8f40821ed5aab9c29209401be7800ca
0.5862,9.88,Gwarmai Health Post,Hayin Gwarmai Health Post,xwd:sha256:c05c9b839c8d194bfb0987e70ac89b10d1ce324702312a58042c035c7ff3aa1b
0.5858,14.92,Zango II Health Post,Zango Health Post,xwd:sha256:7e5c99f7c7d0a47e48ae6e16081b3e2ac3a289a69e767319872c76be1038745d
0.5855,35.63,Doka Health Post,Doka Dawa Health Post,xwd:sha256:92586ef086714a9d24cf85daa14c025ff952f78d3b35dddc3b46fc5ff3a38426
0.5850,59.29,Nasarawa Health Post,Nasarawa Godaji Health Post,xwd:sha256:eff5f71cc535ee379f523f90e3e4d66129b84e7ca8c4caffa280bb65042c119c
0.5846,21.10,Zango II Health Post,Zango Health Post,xwd:sha256:26f9174270891663794b99aa4308b23270a5d44d5ecb85e0d8cfba483090fd14
0.5841,17.61,Zango Health Post,Zango (Mjb) Health Post,xwd:sha256:1a4afbf97f7d0b956d639bd85a22f193bc8765aa82c5401aca35989d6f72fcff
0.5841,1.55,Bebeji General Hospital,Bebeji Sunusi Lamido Sunusi Hospital,xwd:sha256:c2d4a7a3d5cf2bdd813740c7cc4556a990628f861643c8496afecd0897e516e7
0.5837,0.05,Yartofa Health Post,Yar Tofa (Wra) Health Post,xwd:sha256:d990fde0d30047fb756103c4694e86357fca660dc656fee9a46ec28710b4db59
0.5835,1.78,Patricia General Hospital,Sumaila General Hospital,xwd:sha256:6f5bae67ecf74b66636e59f2a0dc1da948356aefc854bbfd3e43041f7af83254
0.5830,83.91,Koya Health Post,Koya (Gwarzo) Health Post,xwd:sha256:d200d67fbf207721c860c92c3c94b2e825c670ed64b9e8ace05d8976eabf992d
0.5827,0.49,Danrirmi Health Post,Dan Rimi Health Post,xwd:sha256:8169ca4e5f98e1ded0de9c38d7e34f8c140a58e7b575db010a1fa69dd2a44170
0.5825,4.05,Zango II Health Post,Zango 1 Health Post,xwd:sha256:ca635f0d7be8dbb8161b738924712e6f6272013cb72f4dcf58e673d4c2350701
0.5824,0.00,Kailani Health Post,Achilafiya Health Post,xwd:sha256:b46cd0d9c2dd9cd88cdda4d8e176ec6a48ef436e32329b9edc7c9e7f03dd787f
0.5813,0.00,Hago Primary Health Centre,Sabon Layin Hago Health Post,xwd:sha256:15f1766ad39833dcdbb47733e70459706b742e821514b7a58b3461bbfd5952a7
0.5809,48.06,Kadawa Health Post,Kadawa Ciki Health Post,xwd:sha256:5395fe68f942fcc0be8d7720ca1fcdd218bd13425cfcbd93e4ff57c7d5ae3285
0.5801,89.60,Dalal Mahuta Health Post,Dalal Health Post,xwd:sha256:7915bc4bb12e6683529318f79100427e5b2e1b8cd9d599a4350463b3955b62c7
0.5792,0.00,Yan Bawa Health Post,Yanbawa (Makoda) Health Post,xwd:sha256:e4ce7a05476b341994f8e85b16848d53ab4dec1eccd15adc4d52be34791aed10
0.5790,6.18,Durba Health Post,Dunkuran Durba Health Post,xwd:sha256:53ca7da771179a51347356ee4adbc05421d467dd086976583fa73fd22c3a38f5
0.5789,0.00,Danshado Health Post,Yan Shadu Health Post,xwd:sha256:d08262a7019ac84ac3f7da8339d5efe05540959990a8b8a124bb7530b7706593
0.5786,0.00,Yartofa Health Post,Yar Tofa (Bagwai) Health Post,xwd:sha256:8506e825ab21026dba0f72196a75103021595b4c316ade107d3969d0127a3e52
0.5785,39.92,Sabon Layin Kara Health Post,Sabon Layin Hago Health Post,xwd:sha256:d8ade5a8f6acfd7ec8bdfaead8e56d41af94a719fc6b186018d8afba9844d429
0.5773,161.73,Faruruwa Primary Health Centre,Faruruwa Primary Health Care Center,xwd:sha256:0902ef262118d2581189a99d15f245368f11698d854a024e28b292061af099f0
0.5769,7.54,Marke Health Post,Joben Marke Health Post,xwd:sha256:17c2fa4c2d8afb04980b5cd92041ac0d19c8c606179ad3fb50c906d12474691b
0.5767,2.08,Doka Health Post,Sabon Garin Doka Health Post,xwd:sha256:c366916682511d6c1727a9d50ce1b790132f20f7bd6cbf67ca57f4b45b401fd8
0.5761,0.23,Kanye Health Post,Gude Health Post,xwd:sha256:1def7060742daaa5c6c3579a6f09ee9fe750f9bc3dee276e7f95e8ff800c7b1e
0.5760,0.90,Dala Health Post,Dala National Orthophedic Hospital,xwd:sha256:87f6b0178934951b4531eed798a02b6efaa5e7a799bc4390015d507d49ece0b6
0.5759,6.77,Taddangari Primary Health Centre,Taddangari Health Post,xwd:sha256:79e89211d99d76a9aaea0fca2ceab971c169803bf714602b7462be411893417a
0.5756,85.56,Dalal Health Post,Dalal (Mak) Health Post,xwd:sha256:103e89e5fd3fdc8c4b3c9d5350d56e4771b2f7e0095b7c9baf626f56de9cbe67
0.5756,37.56,Yalwa Health Post,Yalwa (Ran) Health Post,xwd:sha256:8207bbf4fa1ac458663257760c5fd896f3f6700bb09485e59f74ccd02ea933af
0.5748,1.14,Universal Specialist Hospital,Saymays Hospital Specialist,xwd:sha256:8e00b26732d6f4d0f4e26500c3a51a5e6b381f8eb9ad190f6592918efdaacad5
0.5747,11.45,Yammawa Gamji Health Post,Gamji Health Post,xwd:sha256:f9112af09db9a074b97982759d3f6d74321aee1a92714f97715915aef066a6fc
0.5735,12.45,Ganji Health Post,Yammawa Ganji Health Post,xwd:sha256:a9478ce9bc105a3ca27d9818fd5b807584c917aac1e3615f98f5efbc692122eb
0.5735,1.21,Zaura Babba Primary Health Centre,Zaura Danbaba Health Post,xwd:sha256:bc9b1274624e1caa5f6fb7ecc956dd42e5bec9b58ab386838ae6b2d638cb9e99
0.5730,89.56,Unguwar Tofa Health Post,Tofa Health Post,xwd:sha256:83cabaa46b0cfe04f894969a65570f6392e0ddb8848882a657657adecd1d8b50
0.5730,58.76,Unguwar Tofa Health Post,Tofa Health Post,xwd:sha256:8a5670aafaed45620472adb405889ca795c45ffe5f79a0b4d0ea0fff03168438
0.5727,0.57,Chiranchi Health Post,Charity Health Post,xwd:sha256:82a44cc70b76d56a0d66e173680c89eca614895fdf54d4f19118374a60f7da06
0.5725,55.55,Rafin Tsamiya Health Post,Tsamiya Health Post,xwd:sha256:c1da4c2e3388a8a52c5c081a52d69b965637306ca91a95d456a3ee23f2fd4357
0.5723,3.50,Dokar Sati Health Post,Dokar Goma Health Post,xwd:sha256:61b648a7aedcca6c152205c9e3054e798fd4361e818f4efb7e6f1fc80e0b2178
0.5723,0.01,Kofar Chiri Primary Health Centre,Kafinchiri Primary Health Center,xwd:sha256:e0a65ba7247c669829163d89bd1253e5ff735cd03a5d0588492a7d6638c25455
0.5720,1.92,National Orthopaedic Hospital,Trinity Orthopaedic Hospital,xwd:sha256:545b22ae2e2daaeed4be7722f98a425d95991112991a17a94d88ee4a1b31fcd1
0.5720,1.22,Dawanau Primary Health Centre,Dawanau Psychiatric Hospital,xwd:sha256:2c760c440aa12a27a84fa122de51518032477e7ca3d532b672b7aba7e8950ec5
0.5720,0.07,Proposed Paediatric Hospital,Sheikh Isyaka Rabiu Paediatric Hospital,xwd:sha256:86ddecccc554d9687d51706da86fe42e5f1dea349023e79a9a235afed08bc867
0.5707,1.26,Tudun Wada Health Post,Tudun Murtala Health Center,xwd:sha256:af8d271cf758a19bdaef68028ac40b270813e601c3886abf27de9cceaef4ec5e
0.5698,6.28,Rigana Primary Health Centre,Rigana Health Post,xwd:sha256:a2ff32fc59031140ddac986d5e4a25d2685bbd113b563e14738dcfc339e9ae41
0.5694,0.04,Akth Primary Health Centre,Kumbotso Primary Health Center,xwd:sha256:6d16407bc2246bb51c30849c26d603825dc2f19dd55f90d3cbaeca63e6bfc0a3
0.5693,3.46,Unguwar Tofa Health Post,Unguwar Munana Health Post,xwd:sha256:123208eabb5ca594535a5d4335e221e7ee415935b74dda7a26407894ce1ecd97
0.5681,5.80,Bari Primary Health Centre,Bari Model Primary Health Center,xwd:sha256:421e8c38cee365ce1633657761715c8c87f64b8605012e8fdc1205a7e5a92a27
0.5679,0.05,Kailani Health Post,Cikin Gari Health Post,xwd:sha256:3a0a5e0c9d197cd04349e6b96fc045535ae159d773da37a1effda726535a992a
0.5679,0.66,Baure Health Post,Kaleku Health Post,xwd:sha256:aeb4a58a0221caf05973aa7e83c877f4e7f1f4146e7cdbb898e6699e8000cf54
0.5679,0.00,Jaube Health Post,Joben Marke Health Post,xwd:sha256:87d20effeceed5963e5547bef7f91b622a382d3abe1266fecef9e13492668194
0.5679,37.34,Sauna Kawaji Health Post,Kawaji Health Post,xwd:sha256:2037694882e3dee5f092b80567aec9205a9a485dc0dfaf213acc0fb891a4b39f
0.5677,1.40,Hotoro Danmarke Health Post,Hotoro Arewa Primary Health Center,xwd:sha256:7dc4f87665ef9de7a2e53c064a3b708db1a8aeb59fd12c136c96dda744680379
0.5666,0.51,Jajira Health Post,Daradau Health Post,xwd:sha256:e0039de22920b93c251d9ec0ee89181e27c557a9bf8b8fefe921838a3baf95f1
0.5662,0.92,Kadawa Gate Primary Health Centre,Kadawa Quarters (Gnm) Health Post,xwd:sha256:130f5607f415ad8d0f99baf07c923d4b7c6b852a1dcd747a2b2ee2a425645f1a
0.5654,2.42,Sabon Gari Doka Health Post,Doka Health Post,xwd:sha256:46c52d90ca7dd0e87f4b6387b28c33aa6b09191919f35971d58953203f18ed8c
0.5652,1.52,Dawanau Primary Health Centre,Dawanau Clinic and Maternity,xwd:sha256:c0e8ef150f443909131b49784abb1ebf1bec446de3a6f295f2b8843e94e6a29b
0.5650,1.49,Janguza Primary Health Centre,Janguza Barrack Clinic,xwd:sha256:828446330043c1b651814f2412de3bae6660e592b83022e88ecc432be8194bee
0.5647,3.92,Chalawa Primary Health Centre,Chalawa Basic Health Center,xwd:sha256:2a43b29766e6a9b905e983b7a7149a0bcec8800e127ad8562ecf7ed06d0769de
0.5637,114.41,Kawo Health Post,Dogon Kawo Health Post,xwd:sha256:59128034d53d3e46df688f1cea81b703d89e0f46dcff6976c4619a3712fe7cfe
0.5635,1.94,Tsakiya Health Post,Tsamiya Health Post,xwd:sha256:b2f10b10157c29d8b870931b132fade75aa509e5c15d0a025f7eed3db09e561a
0.5634,1.79,Dugurawa Health Post,Dusurawa Health Post,xwd:sha256:c4c72ae7099487811851143def9231201bfd0b85d2df288592482ebd069ed186
0.5632,0.00,Masaurari Health Post,Ginzo Health Post,xwd:sha256:e56d2b503453e045ef74104c2da36aacd644232787e62557d631a88f959f9b9d
0.5630,0.70,Aminu Kano Teaching Hospital,Kano Dental Hospital,xwd:sha256:85b9bfdbf91c37df153d795b1b89243ad21254d730a74e5a2c9ee0fe613853dd
0.5622,0.24,Ahip Primary Health Centre,Garko Ahip Family Health Clinic,xwd:sha256:89fb85aa067563a434f1cfa75738eb1c553337f6a3f73f5d466d1c5c866dcd29
0.5621,40.41,Mazan Gudu Health Post,Mazan Kudu Health Post,xwd:sha256:b4372bcbf9f44c70dab50a12f17c27179f0359ab3abb8a9feea4e2843f42e982
0.5621,87.58,Tudun Wada Health Post,Tudun Wada Government College Health Post,xwd:sha256:5ccce6a9b9db17ee028d391e8aaa977b81040b7af523e377c1ef718c1805d101
0.5617,2.05,Dorayi Babba Health Post,Dorayi Karama Health Clinic,xwd:sha256:3d53dd723183f6bb9c494df621d6d01ec8af7266eb429287bb736c1c21a2ae4b
0.5604,41.01,Wari Health Post,Wari Hospital,xwd:sha256:ec31856280a0ac69f07c421134f9b52a4e8780254c45ab7baf5fec579bb4cd37
0.5595,86.93,Tudun Wada Health Post,Tudun Wada General Hospital,xwd:sha256:c543b2cb95c5e8fd3304547bb3f0aefafd86b47c2a489ec60e856ae2d4c87832
0.5590,20.25,Fagen Kawo Health Post,Kawo Health Post,xwd:sha256:b563496fc7c2e0518ae84b9a6aa02cbf71b18b813db97ae4842676d2f74a3719
0.5588,48.45,Kawo Health Post,Fagen Kawo Health Post,xwd:sha256:bd7e91c139dcae5fac2ba1890e8426167ed97d1657915ee51d11c22615436337
0.5588,48.45,Fagen Kawo Health Post,Kawo Health Post,xwd:sha256:13cd8221a6ac5ec3dace2a0463a2f034704093dcf5a870662ab78134e7d3b85c
0.5588,58.84,Fagen Kawo Health Post,Kawo Health Post,xwd:sha256:f5801f2d7ba0e55b2a462cf9aa6fd558017100fd73e131e36b8cc7eff4da283e
0.5582,0.61,Gaya South Health Post,Gaya Primary Health Center,xwd:sha256:01ba5ba771ec49392187ed03b1a4c318c8382c000eaf50bbd778fe16aa88cec0
0.5582,0.01,Hawandawaki Health Post,Danbare Health Post,xwd:sha256:0ae9acb122bdc9048152fb4739f314e04a68b02843802c5a43ab484037aee987
0.5569,0.09,Taddangari Primary Health Centre,Kyuta Primary Health Center,xwd:sha256:94d3eb6e69034828623e97309a5f6bdf46f46eb2e3e9c8587f426c741582c33e
0.5568,0.00,Madaci Health Post,Madachi Health Clinic,xwd:sha256:d7662569fc34cc8a2d2cc3dd8e224ba358f81a73d655f13f36bd5ccba9fb3344
0.5553,1.76,Fuskar Gabas Primary Health Centre,Fuskar Yamma Health Clinic,xwd:sha256:7cf0d2800933a906909d3e899f10330a231f13d3a78c2034cceaaba43ec528bc
0.5543,1.24,Zaura Babba Primary Health Centre,Zaura Health Post,xwd:sha256:0ee4769602b9aabba644728a4b685649ead2f6eb76b3e71468421fa3d79a5e63
0.5540,1.60,Garko Primary Health Centre,Garko Ahip Family Health Clinic,xwd:sha256:e3c0d938b6aa42b7455cbc3d103bb1a3ca5d465498e219a0b3937b2919aa6cb5
0.5533,0.00,SSS Dawakin Tofa Health Post,Dawakin Tofa Science Secondary School Clinic,xwd:sha256:81da9b77148d2088f680785c47ff9c402abec351aacb216420da8afbe3b56eda
0.5531,20.76,Zangon Mata Health Post,Zagon Mata Health Post,xwd:sha256:87ab6105030d936987192bd5d007838da83656121d42d4adac34d30e1b3cebeb
0.5529,70.97,Indabo Health Post,Indabo Primary Health Center,xwd:sha256:ca8b72377d6b2b3ae3f10da4d6467d9264ea4fddd39d57a3e3578e44f7cf8c18
0.5528,0.00,Mai Aduwa Health Post,Yallada Health Post,xwd:sha256:730023003334929e3ed9ebe0b1c76c0839129481ea2041e2833dec5163c7cb3a
0.5526,105.46,Falgore Health Post,Falgore Primary Health Center,xwd:sha256:a37866a297aa432d2fae7fd0e5ccda10d9b9b127600c900c5c2371df52ec0adf
0.5526,66.64,Hausawa Health Post,Hausawa Primary Health Center,xwd:sha256:37c02faea4b11caf95499749978c28a451fb225d795a011bf9f16c635ad91fd6
0.5526,39.45,Tarauni Health Post,Tarauni Primary Health Center,xwd:sha256:22518282969520c596e7bc46e455a3fc2ae5ea78c7f210ab21f8e1aac469ca35
0.5523,1.11,Kariya Health Post,Gera Health Post,xwd:sha256:04d81c76f0d2c57c91280b9d1d039f59b90132a91cfb3229928e0a345b314d2e
0.5520,111.88,Dogon Marke Health Post,Dogon Kawo Health Post,xwd:sha256:375be4694ca5fd1b86ec9756b22f00c74721dd98e96ad50bc8474a8fa43fddbd
0.5514,0.81,Badume Health Post,Gwamai Health Post,xwd:sha256:a3a93348c32fe893d42bdccb29a28f7dc337e2169569559b992ffb8cc7539b0f
0.5514,1.45,SSS Dawakin Tofa Health Post,Dawakin Tofa General Hospital,xwd:sha256:4ad073931ea6e2205a1863b5f02956b9516ad365c3c3cd11fdac941c5a812e4f
0.5513,0.08,Tofa Primary Health Centre,Tofa Community Hospital,xwd:sha256:5928ccc8308795ce7a77d1d70c365cae171d458f7227562797561fd6f68cd4e1
0.5509,40.54,Kaya Health Post,Dawan Kaya Health Post,xwd:sha256:02d6c7172541e6245e1193069601cca04f06b334d15f8529f9cc837d289965af
0.5509,40.54,Dawon Kaya Health Post,Kaya Health Post,xwd:sha256:1a907b3898292c989287ca9d110d35c3aaa653c89f9dce43d4240ee7c727533a
0.5509,87.37,Tudun Wada Health Post,Tudun Wada Mch Health Clinic,xwd:sha256:52652b1b788a4f649a33882e45e1b4540e86ec576a4166f096f414ad5473bd33
0.5502,73.25,Hayin Gwarmai Health Post,Hayin Gada Health Post,xwd:sha256:63174e8101495ba30821d40a837924d57a6f74360ea3c940a999700e98bf0872
0.5501,0.21,Bono Health Post,Borno Health Care,xwd:sha256:0ab435d58706a12a732c2d80c91ff1e5bedfe0694b879d679f8a60b9bcfb07eb
