osm_id,osm_name,osm_type,hfr_id,hfr_name,hfr_type,hfr_lga,probability,decision,factor_name,factor_geo,distance_km,type_agree,explanation,human_label
node/2923098159,Tsara Primary Health Centre,PHC,f42a333a-456f-4ec6-a505-535a166d38d2,Tsara Primary Health Center,PHC,Rogo,0.9824,match,1.0,0.9987,0.002,True,name 100%; 0.0 km apart; type match,
node/2923263870,Ruwan Bago Health Post,HEALTH_POST,f71de7ca-edf6-4618-9c08-57ce46852a7c,Ruwan Bago Health Post,HEALTH_POST,Rogo,0.9824,match,1.0,0.9987,0.002,True,name 100%; 0.0 km apart; type match,
node/2923263874,Unguwar Malam Amadu Health Post,HEALTH_POST,1bb9e7eb-1729-4e03-86e9-5893c928c043,Unguwar Mallam Amadu Health Post,HEALTH_POST,Rogo,0.9824,match,0.99,0.9982,0.003,True,name 99%; 0.0 km apart; type match,
node/2923485905,Jajaye Primary Health Centre,PHC,f5775af9-3c06-4b4a-bcca-65c76e194c1d,Jajaye Health Post,HEALTH_POST,Rogo,0.9824,match,1.0,0.9909,0.014,False,name 100%; 0.0 km apart; type differs,
node/2923573777,Daura Health Post,HEALTH_POST,c0886de9-aa23-436b-a898-78162a0662ed,Daura Health Post,HEALTH_POST,Karaye,0.9824,match,1.0,0.9967,0.005,True,name 100%; 0.0 km apart; type match,
node/2923573784,Sabon Birni Primary Health Centre,PHC,ff7c30a5-7779-44a4-ae22-ac61667228c4,Sabon Birni Health Post,HEALTH_POST,Gwarzo,0.9824,match,1.0,0.9977,0.003,False,name 100%; 0.0 km apart; type differs,
node/2923599549,Dariyar Shere Primary Health Centre,PHC,0cd5e232-b12a-4b26-88ff-bb6b7129c908,Dariyar Shere Health Post,HEALTH_POST,Doguwa,0.9824,match,1.0,0.9986,0.002,False,name 100%; 0.0 km apart; type differs,
node/2925699884,Bargoni Health Post,HEALTH_POST,7d592a2e-9161-45be-81bf-217e7702d5e1,Bargoni Health Post,HEALTH_POST,Kiru,0.9824,match,1.0,0.9996,0.001,True,name 100%; 0.0 km apart; type match,
node/2925699889,Gazan Health Post,HEALTH_POST,c55365fd-5de9-475d-8afd-035ad8b636cd,Gazan Health Post,HEALTH_POST,Kiru,0.9824,match,1.0,0.999,0.002,True,name 100%; 0.0 km apart; type match,
node/2925701101,Unguwar Turaki Health Post,HEALTH_POST,b07b3c08-c99b-439f-83df-577e96592937,Unguwar Turaki Health Post,HEALTH_POST,Kabo,0.9824,match,1.0,0.9993,0.001,True,name 100%; 0.0 km apart; type match,
node/2925757204,Maraku Health Post,HEALTH_POST,386a5381-d0d4-4e6b-a0ac-60119966e0fa,Maraku Health Post,HEALTH_POST,Kiru,0.9824,match,1.0,0.9992,0.001,True,name 100%; 0.0 km apart; type match,
node/2925837271,Rufai Health Post,HEALTH_POST,ee2a47af-440a-433b-9ee1-3baa2b6670dd,Rufai Health Post,HEALTH_POST,Doguwa,0.9824,match,1.0,0.9991,0.001,True,name 100%; 0.0 km apart; type match,
node/2925991011,Bauda Health Post,HEALTH_POST,c314cdb6-63a5-4ee2-852e-8911a09aae66,Bauda Health Post,HEALTH_POST,Kiru,0.9824,match,1.0,0.9968,0.005,True,name 100%; 0.0 km apart; type match,
node/2925991019,Yako Primary Health Centre,PHC,a7bcc6c6-f910-4a75-80d2-a8fc1acf3e4f,Yako Primary Health Center,PHC,Kiru,0.9824,match,1.0,0.9961,0.006,True,name 100%; 0.0 km apart; type match,
node/2929137246,Jinjimawa Health Post,HEALTH_POST,01d70a08-1343-48d7-9654-fca56949a61b,Jinjimawa Health Post,HEALTH_POST,Bichi,0.9824,match,1.0,0.9991,0.001,True,name 100%; 0.0 km apart; type match,
node/2929137251,Kwamarawa Health Post,HEALTH_POST,6ea5381b-7d69-4a98-9c3b-e3148b3a6fb2,Kwamarawa Health Post,HEALTH_POST,Bichi,0.9824,match,1.0,0.9991,0.001,True,name 100%; 0.0 km apart; type match,
node/2929137257,Tukuibi Health Post,HEALTH_POST,5c37a274-b3d6-47f0-8048-6eeda86ad6a4,Tukuibi Health Post,HEALTH_POST,Bichi,0.9824,match,1.0,0.9934,0.01,True,name 100%; 0.0 km apart; type match,
node/2929399564,Farsa Health Post,HEALTH_POST,aad58dce-e8bc-4323-8870-9522301efe3c,Farsa Health Post,HEALTH_POST,Tsanyawa,0.9824,match,1.0,0.9998,0.0,True,name 100%; 0.0 km apart; type match,
node/2929399568,Lamba Health Post,HEALTH_POST,977eb5ae-4659-4843-bdda-c03c14d58a36,Lamba Health Center,PHC,Bichi,0.9824,match,1.0,0.9957,0.007,False,name 100%; 0.0 km apart; type differs,
node/2929399575,Waire Health Post,HEALTH_POST,053bd3f5-1252-43b7-b988-8d2eeb01062c,Waire Health Post,HEALTH_POST,Bichi,0.9824,match,1.0,0.9989,0.002,True,name 100%; 0.0 km apart; type match,
node/2954277529,Mazan Gudu Health Post,HEALTH_POST,afe720f5-d8b1-48af-a2b4-66fd8d6390fa,Mazan Gudu Health Post,HEALTH_POST,Gabasawa,0.9824,match,1.0,0.9996,0.001,True,name 100%; 0.0 km apart; type match,
way/286269667,Kwarkiya Health Post,HEALTH_POST,996d130b-e6b3-4ff9-844c-b7a2581c172b,Kwarkiya Health Post,HEALTH_POST,Minjibir,0.9824,match,1.0,0.9996,0.001,True,name 100%; 0.0 km apart; type match,
way/287517082,Sarbi Health Post,HEALTH_POST,c385ca0e-d474-413a-a128-2f6c826ab8ae,Sarbi Health Post,HEALTH_POST,Minjibir,0.9824,match,1.0,0.9994,0.001,True,name 100%; 0.0 km apart; type match,
way/288472000,Baushe Health Post,HEALTH_POST,7d260b0a-b963-47bd-a92e-2ad655979a29,Baushe Health Post,HEALTH_POST,Dambatta,0.9824,match,1.0,0.9976,0.004,True,name 100%; 0.0 km apart; type match,
way/290171093,Kauyen Adam Health Post,HEALTH_POST,4c3d9d9b-33fe-41ec-813a-fd4cda6ab032,Kauyen Adam Health Post,HEALTH_POST,Bagwai,0.9824,match,1.0,0.9986,0.002,True,name 100%; 0.0 km apart; type match,
way/290171106,Iyawa Health Post,HEALTH_POST,94e97f9d-db67-48b0-a33b-d17dbaf043f4,Iyawa Health Post,HEALTH_POST,Bichi,0.9824,match,1.0,0.9997,0.0,True,name 100%; 0.0 km apart; type match,
way/290171114,Dutsen Karya Health Post,HEALTH_POST,656038a5-b2be-40e6-a766-43e0400868fc,Dutsen Karya Health Post,HEALTH_POST,Bichi,0.9824,match,1.0,0.9978,0.003,True,name 100%; 0.0 km apart; type match,
way/290533455,Biyamusu Health Post,HEALTH_POST,55651117-2830-400f-bebc-0b859f151a12,Biyamusu Health Post,HEALTH_POST,Ajingi,0.9824,match,1.0,0.9995,0.001,True,name 100%; 0.0 km apart; type match,
way/290673630,Daho Health Post,HEALTH_POST,fbd8bbe0-d976-4b03-8e10-5de7aac6b2fc,Daho Health Post,HEALTH_POST,Albasu,0.9824,match,1.0,0.9987,0.002,True,name 100%; 0.0 km apart; type match,
way/290832368,Zakawa Health Post,HEALTH_POST,375b9e1e-2a12-4700-9977-10ae598bc281,Zakawa Health Post,HEALTH_POST,Tsanyawa,0.9824,match,1.0,1.0,0.0,True,name 100%; 0.0 km apart; type match,
way/291437920,Sakaratsa Health Post,HEALTH_POST,3473d2bb-d9cf-454f-956d-7355fff97943,Sakaratsa Health Post,HEALTH_POST,Rimin Gado,0.9824,match,1.0,0.998,0.003,True,name 100%; 0.0 km apart; type match,
way/291438407,Kwami Health Post,HEALTH_POST,6d97ad81-8b75-44cb-a478-eced1ecff62b,Kwami Health Post,HEALTH_POST,Tofa,0.9824,match,1.0,0.9996,0.001,True,name 100%; 0.0 km apart; type match,
way/291441969,Maraya Health Post,HEALTH_POST,2ef62824-4fea-41e6-be73-c59b5f2eccfa,Maraya Health Post,HEALTH_POST,Madobi,0.9824,match,1.0,0.997,0.005,True,name 100%; 0.0 km apart; type match,
way/291442888,Maigari Ingila Health Post,HEALTH_POST,f07e34b3-baa3-4e97-a58e-0d3e225caa2c,Maigari Ingila Health Post,HEALTH_POST,Rimin Gado,0.9824,match,1.0,0.9986,0.002,True,name 100%; 0.0 km apart; type match,
way/291444192,Bakwami Health Post,HEALTH_POST,6d186f18-a063-4d52-8bd3-6e72d2373589,Bakwami Health Post,HEALTH_POST,Shanono,0.9824,match,1.0,0.996,0.006,True,name 100%; 0.0 km apart; type match,
way/291445944,Kanye Health Post,HEALTH_POST,d07a3ae7-628d-48f1-8ae9-7018710fa6ce,Kanye Health Post,HEALTH_POST,Kabo,0.9824,match,1.0,0.9997,0.001,True,name 100%; 0.0 km apart; type match,
way/291448218,Shadau Health Post,HEALTH_POST,e947b141-2eed-4717-a37d-de736708067d,Shadau Health Post,HEALTH_POST,Kabo,0.9824,match,1.0,0.9984,0.002,True,name 100%; 0.0 km apart; type match,
way/291666940,Gude Health Post,HEALTH_POST,151959a1-c648-400c-9e70-c25e3ba988df,Gude Health Post,HEALTH_POST,Kabo,0.9824,match,1.0,0.9973,0.004,True,name 100%; 0.0 km apart; type match,
way/291751274,Yan Bawa Health Post,HEALTH_POST,43f25992-725a-4727-9c35-51ac0f3815a4,Yan Bawa Health Post,HEALTH_POST,Sumaila,0.9824,match,1.0,0.9993,0.001,True,name 100%; 0.0 km apart; type match,
way/291752873,Mangari Health Post,HEALTH_POST,1542c1a7-5bfc-4acf-8ee3-ecdad56a7f59,Mangari Health Post,HEALTH_POST,Albasu,0.9824,match,1.0,0.998,0.003,True,name 100%; 0.0 km apart; type match,
way/291753929,Rinji Health Post,HEALTH_POST,f38e60a2-1b7e-4d8a-8ebe-f0553971bcdc,Rinji Health Post,HEALTH_POST,Albasu,0.9824,match,1.0,0.9992,0.001,True,name 100%; 0.0 km apart; type match,
way/291754204,Alfindi Health Post,HEALTH_POST,97ece6cc-79f8-4452-86a1-e0e71e9851c4,Alfindi Health Post,HEALTH_POST,Sumaila,0.9824,match,1.0,0.9991,0.001,True,name 100%; 0.0 km apart; type match,
way/291755115,Durbunde Primary Health Centre,PHC,f1a5f71b-873a-4528-9cac-69f89266e15d,Durbunde Primary Health Center,PHC,Takai,0.9824,match,1.0,0.9943,0.009,True,name 100%; 0.0 km apart; type match,
way/291757020,Jibawa Health Post,HEALTH_POST,f0944f55-75f8-47ee-a793-deded367df15,Jibawa Health Post,HEALTH_POST,Gaya,0.9824,match,1.0,0.9993,0.001,True,name 100%; 0.0 km apart; type match,
way/291757024,Kalahaddi Health Post,HEALTH_POST,991a7d97-8e7b-4c64-9869-d811e7d9f3c5,Kalahaddi Health Post,HEALTH_POST,Gaya,0.9824,match,1.0,0.9991,0.001,True,name 100%; 0.0 km apart; type match,
way/291759009,Gurduba Health Post,HEALTH_POST,3698206c-9012-4447-a218-0c503ff2a74e,Gurduba Health Post,HEALTH_POST,Ajingi,0.9824,match,1.0,0.9976,0.004,True,name 100%; 0.0 km apart; type match,
way/291759369,Gafasa Health Post,HEALTH_POST,4863165e-a0fd-4ff2-a20e-5c764777e944,Gafasa Health Post,HEALTH_POST,Ajingi,0.9824,match,1.0,0.9991,0.001,True,name 100%; 0.0 km apart; type match,
way/291761155,Goron Dutse Health Post,HEALTH_POST,9c849e3f-37e1-4f30-af7a-354e408a7865,Goron Dutse Health Post,HEALTH_POST,Shanono,0.9824,match,1.0,0.9983,0.002,True,name 100%; 0.0 km apart; type match,
way/291841839,Unguwar Bai Health Post,HEALTH_POST,c9c53dd6-08fa-43f6-a216-547fa985a497,Unguwar Bai Health Post,HEALTH_POST,Ajingi,0.9824,match,1.0,0.9997,0.001,True,name 100%; 0.0 km apart; type match,
way/291876678,Bankamawa Health Post,HEALTH_POST,7ec35bbc-cc91-4305-8cfd-cb0afe6d3708,Bankamawa Health Post,HEALTH_POST,Shanono,0.9824,match,1.0,0.9983,0.003,True,name 100%; 0.0 km apart; type match,
way/291876685,Tudara Health Post,HEALTH_POST,52ccc02a-a06d-42f1-8b5c-66d860bb1b22,Tudara Health Post,HEALTH_POST,Bagwai,0.9824,match,1.0,0.9987,0.002,True,name 100%; 0.0 km apart; type match,
way/291879249,Bumai Health Post,HEALTH_POST,cd2a3960-3753-4c14-854e-64566119d3cb,Bumai Health Post,HEALTH_POST,Kunchi,0.9824,match,1.0,0.9987,0.002,True,name 100%; 0.0 km apart; type match,
way/291879257,Gadaba Health Post,HEALTH_POST,e20a8f76-7566-422d-a323-695a03696379,Gadaba Health Post,HEALTH_POST,Kunchi,0.9824,match,1.0,0.9989,0.002,True,name 100%; 0.0 km apart; type match,
way/291881002,Ganji Health Post,HEALTH_POST,dda7bbdc-2e13-4873-81fb-c163f9e6e2ef,Ganji Health Post,HEALTH_POST,Makoda,0.9824,match,1.0,0.9974,0.004,True,name 100%; 0.0 km apart; type match,
way/291889758,Jibga Fulani Health Post,HEALTH_POST,87184442-6ebd-46e6-9ff6-e61efd84a7c7,Jibga Fulani Health Post,HEALTH_POST,Makoda,0.9824,match,1.0,0.9951,0.007,True,name 100%; 0.0 km apart; type match,
way/291889763,Kurna Health Post,HEALTH_POST,590e5ab9-1789-470d-881b-be10261bdf3f,Kurna Health Post,HEALTH_POST,Makoda,0.9824,match,1.0,0.9995,0.001,True,name 100%; 0.0 km apart; type match,
way/291897519,Kwasauri Health Post,HEALTH_POST,9e923016-9d34-40c1-ad78-7154fc04f28d,Kwasauri Health Post,HEALTH_POST,Dambatta,0.9824,match,1.0,0.9969,0.005,True,name 100%; 0.0 km apart; type match,
way/291901215,Katsarduwa Health Post,HEALTH_POST,47e7aa38-69b5-4726-bf64-120b1d514d32,Katsarduwa Health Post,HEALTH_POST,Dambatta,0.9824,match,1.0,0.9942,0.009,True,name 100%; 0.0 km apart; type match,
way/291902260,Saidawa Health Post,HEALTH_POST,9854cedd-f4b4-49fa-a9cd-18abed3fbffc,Saidawa Health Post,HEALTH_POST,Dambatta,0.9824,match,1.0,0.9984,0.002,True,name 100%; 0.0 km apart; type match,
way/291910580,Badawa Health Post,HEALTH_POST,1a3b1b53-8862-4ff5-a66e-eb4a0148a82e,Badawa Health Post,HEALTH_POST,Gabasawa,0.9824,match,1.0,0.9989,0.002,True,name 100%; 0.0 km apart; type match,
way/291921249,Tarauni Health Post,HEALTH_POST,01971e47-3ced-44bc-8c89-da45bd7cb033,Tarauni Health Post,HEALTH_POST,Gabasawa,0.9824,match,1.0,0.9995,0.001,True,name 100%; 0.0 km apart; type match,
way/291921255,Chikawa Health Post,HEALTH_POST,1ceb03fa-c75e-4c27-adcb-2f7a936ed17c,Chikawa Health Post,HEALTH_POST,Gabasawa,0.9824,match,1.0,0.9995,0.001,True,name 100%; 0.0 km apart; type match,
way/291932102,Zango Health Post,HEALTH_POST,d9ec675f-ad7f-4f15-8a1d-841ec046f82f,Zango Health Post,HEALTH_POST,Gezawa,0.9824,match,1.0,0.9992,0.001,True,name 100%; 0.0 km apart; type match,
way/291932117,Wasai Health Post,HEALTH_POST,8e2a2e50-065d-4df3-b5ef-1aa4e1a05839,Wasai Health Post,HEALTH_POST,Minjibir,0.9824,match,1.0,0.9978,0.003,True,name 100%; 0.0 km apart; type match,
way/291932134,Tsalle Health Post,HEALTH_POST,2d9fffea-860c-403b-8efb-a50a5991bbaf,Tsalle Health Post,HEALTH_POST,Gezawa,0.9824,match,1.0,0.9992,0.001,True,name 100%; 0.0 km apart; type match,
way/292037271,Fagwalo Health Post,HEALTH_POST,a7174c54-84c2-4d04-9f8f-7fc6f4c68cdb,Fagwalo Health Post,HEALTH_POST,Dambatta,0.9824,match,1.0,0.9989,0.002,True,name 100%; 0.0 km apart; type match,
way/292037280,Tangaji Health Post,HEALTH_POST,16f489e5-29e0-4aa5-bd69-cc22fee054be,Tangaji Health Post,HEALTH_POST,Makoda,0.9824,match,1.0,0.9987,0.002,True,name 100%; 0.0 km apart; type match,
way/292037287,Bakarari Health Post,HEALTH_POST,61bab1e0-c8ac-4f7d-a902-8e367cb6d6b2,Bakarari Health Post,HEALTH_POST,Makoda,0.9824,match,1.0,0.9988,0.002,True,name 100%; 0.0 km apart; type match,
way/292045548,Katsinawa Health Post,HEALTH_POST,7189527f-cb47-4f6c-b929-64249c8e82a9,Katsinawa Health Post,HEALTH_POST,Ungogo,0.9824,match,1.0,0.9997,0.0,True,name 100%; 0.0 km apart; type match,
way/292045934,Bachirawa Health Post,HEALTH_POST,a920fc81-32bb-4905-9a7f-c964f623e9e7,Bachirawa Health Post,HEALTH_POST,Ungogo,0.9824,match,1.0,0.9995,0.001,True,name 100%; 0.0 km apart; type match,
way/292049016,Tarda Health Post,HEALTH_POST,05ff18b4-a977-425b-afd4-0c31de6336c9,Tarda Primary Health Center,PHC,Ungogo,0.9824,match,1.0,0.9988,0.002,False,name 100%; 0.0 km apart; type differs,
way/292051047,Kantama Babba Health Post,HEALTH_POST,8dc48a38-e582-4e95-848c-510691595c57,Kantama Babba Health Post,HEALTH_POST,Minjibir,0.9824,match,1.0,0.9973,0.004,True,name 100%; 0.0 km apart; type match,
way/292065942,Gulbi Health Post,HEALTH_POST,e7ae0928-d9cd-4d99-b08a-bbb8ec22c9e9,Gulbi Health Post,HEALTH_POST,Bichi,0.9824,match,1.0,0.999,0.001,True,name 100%; 0.0 km apart; type match,
way/292065947,Chedi Bubba Ruga Health Post,HEALTH_POST,76841434-3025-4fa3-a5f8-17f186835df1,Chedi Bubba Ruga Health Post,HEALTH_POST,Dawakin Tofa,0.9824,match,1.0,0.9986,0.002,True,name 100%; 0.0 km apart; type match,
way/292065955,Dogon Marke Health Post,HEALTH_POST,2c5d538e-0181-4217-95e7-e9466f36930d,Dogon Marke Health Post,HEALTH_POST,Dawakin Tofa,0.9824,match,1.0,0.9998,0.0,True,name 100%; 0.0 km apart; type match,
way/292065959,Gudau Health Post,HEALTH_POST,4e587aa3-bb4c-4972-a669-200e0aaddcd5,Gudau Health Post,HEALTH_POST,Dawakin Tofa,0.9824,match,1.0,0.9995,0.001,True,name 100%; 0.0 km apart; type match,
way/292065964,Kwa Health Post,HEALTH_POST,65e0cca5-4ff3-4572-812b-77a29eae371f,Kwa Health Post,HEALTH_POST,Dawakin Tofa,0.9824,match,1.0,0.9992,0.001,True,name 100%; 0.0 km apart; type match,
way/292065968,Bagadawa Health Post,HEALTH_POST,f2fc7dcb-dec9-4ba8-b2ca-ec3541c24f2b,Bagadawa Health Post,HEALTH_POST,Dawakin Tofa,0.9824,match,1.0,0.999,0.002,True,name 100%; 0.0 km apart; type match,
way/292065972,Gargari Health Post,HEALTH_POST,c8832058-65c3-42cc-b2fd-430981e9d7a9,Gargari Health Post,HEALTH_POST,Dawakin Tofa,0.9824,match,1.0,0.9989,0.002,True,name 100%; 0.0 km apart; type match,
way/791399305,Yaryasa Health Post,HEALTH_POST,a9221a97-7944-49d6-8b2e-ed06436a29c5,Yaryasa Health Post,HEALTH_POST,Tudun Wada,0.9824,match,1.0,0.9993,0.001,True,name 100%; 0.0 km apart; type match,
way/791828739,Fadi Sonka Health Post,HEALTH_POST,ebf651d6-4311-47ee-a1bd-a1c16983487b,Fadi Sonka Health Post,HEALTH_POST,Wudil,0.9824,match,1.0,0.9954,0.007,True,name 100%; 0.0 km apart; type match,
way/792186306,Kokiya Health Post,HEALTH_POST,e7d6cdf7-1a6b-4456-98ea-0c466a4c5044,Kokiya Health Post,HEALTH_POST,Shanono,0.9824,match,1.0,0.9976,0.004,True,name 100%; 0.0 km apart; type match,
way/792561755,Jauben Yamma Health Post,HEALTH_POST,d93a6f08-eeb7-46fe-bca8-5450662e3a84,Jauben Yamma Health Post,HEALTH_POST,Bagwai,0.9824,match,1.0,0.9993,0.001,True,name 100%; 0.0 km apart; type match,
way/792575216,Runkusawa Health Post,HEALTH_POST,ee0365e1-cbcd-4d08-b404-853ee941b6f4,Runkusawa Health Post,HEALTH_POST,Kumbotso,0.9824,match,1.0,0.9978,0.003,True,name 100%; 0.0 km apart; type match,
way/792927372,Makarya Primary Health Centre,PHC,1b5f6ed0-d709-4576-b7e6-09431ff01eeb,Makarya Primary Health Center,PHC,Ajingi,0.9824,match,1.0,0.9973,0.004,True,name 100%; 0.0 km apart; type match,
way/289564871,Akilu Memorial Primary Health Centre,PHC,8379133c-eccd-456b-9407-6edfae1fa3e5,Akilu Memorial Primary Health Center,PHC,Madobi,0.982,match,1.0,0.9891,0.016,True,name 100%; 0.0 km apart; type match,
way/299968723,Hotoro Danmarke Health Post,HEALTH_POST,28b301b6-a7ca-444d-9432-ff6945ce1c58,Hotoro Danmarke Health Clinic,CLINIC,Tarauni,0.982,match,1.0,0.9898,0.015,False,name 100%; 0.0 km apart; type differs,
node/2925849527,Badari Health Post,HEALTH_POST,fbf08f4c-f16f-4f40-95eb-7604f50e1970,Badari Health Post,HEALTH_POST,Gwarzo,0.9819,match,1.0,0.9885,0.017,True,name 100%; 0.0 km apart; type match,
way/292045547,Sabon Gari Doka Health Post,HEALTH_POST,c7129159-11ab-415b-a417-78bfca048c3f,Sabon Gari Doka Health Post,HEALTH_POST,Ungogo,0.9819,match,1.0,0.9872,0.019,True,name 100%; 0.0 km apart; type match,
way/792485996,Warawa Primary Health Centre,PHC,64ea67c7-a5f6-4dd7-91de-4f4d796bb7e2,Warawa Primary Health Center,PHC,Warawa,0.9819,match,1.0,0.9865,0.02,True,name 100%; 0.0 km apart; type match,
way/291871751,Kabagiwa Health Post,HEALTH_POST,216043a3-ed72-434a-95b1-69c7115b5285,Kabagiwa Health Post,HEALTH_POST,Tsanyawa,0.9818,match,1.0,0.9853,0.022,True,name 100%; 0.0 km apart; type match,
way/792551527,Gunda Health Post,HEALTH_POST,4617f179-bee3-45b1-8172-33cf20c0f1ce,Gunda Health Post,HEALTH_POST,Kibiya,0.9818,match,1.0,0.9863,0.021,True,name 100%; 0.0 km apart; type match,
way/792054644,Tsaraka Health Post,HEALTH_POST,61f0374f-0588-4913-9d37-488f668115b1,Tsaraka Health Post,HEALTH_POST,Bichi,0.9817,match,1.0,0.9826,0.026,True,name 100%; 0.0 km apart; type match,
way/792167634,Bechi Health Post,HEALTH_POST,3fc7ade4-deaf-4c9f-b36b-fd185fcddcdf,Bechi Health Post,HEALTH_POST,Kumbotso,0.9816,match,1.0,0.9796,0.031,True,name 100%; 0.0 km apart; type match,
way/291757255,Kullumi Health Post,HEALTH_POST,0d609ae0-62ad-48cd-8fce-c094840d991c,Kullumi Health Post,HEALTH_POST,Ajingi,0.9815,match,1.0,0.9774,0.034,True,name 100%; 0.0 km apart; type match,
way/791322782,Yakun Health Post,HEALTH_POST,d8ac0e64-1944-4c0d-80d1-518f72bf2166,Yakun Health Post,HEALTH_POST,Madobi,0.9814,match,1.0,0.975,0.038,True,name 100%; 0.0 km apart; type match,
way/292037277,Kauyen Mai Unguwar Primary Health Centre,PHC,9db3aa5c-cc3f-4a93-a6f4-747b3f0e3536,Kauyen Mai Unguwa Health Post,HEALTH_POST,Dambatta,0.9813,match,0.9889,0.999,0.002,False,name 99%; 0.0 km apart; type differs,
node/2923366081,Rogo General Hospital,HOSPITAL,072ae5e4-d96e-4310-a9c3-4f534265f72c,Rogo General Hospital,HOSPITAL,Rogo,0.9812,match,1.0,0.9708,0.044,True,name 100%; 0.0 km apart; type match,
way/292046199,Shauni Primary Health Centre,PHC,c31ef7b1-f301-40c4-afe3-621b02bfeb0b,Shauni Health Post,HEALTH_POST,Ungogo,0.9812,match,1.0,0.9715,0.043,False,name 100%; 0.0 km apart; type differs,
node/12282340299,DALAL CLINIC,CLINIC,b57afa1a-4ca9-432b-bab8-eea474fbc107,Dalal Health Clinic,CLINIC,Ungogo,0.9811,match,1.0,0.9683,0.048,True,name 100%; 0.0 km apart; type match,
node/2929399561,Damisa Health Post,HEALTH_POST,536ce4f8-c306-4ea7-8825-7dba3de9487f,Damisa Health Post,HEALTH_POST,Bichi,0.981,match,1.0,0.9671,0.05,True,name 100%; 0.1 km apart; type match,
node/2923599548,Dadin Kowa Primary Health Centre,PHC,a702ffb2-b77b-4ce4-94ad-06f9a2f675f9,Dadin Kowa Health Post,HEALTH_POST,Doguwa,0.9809,match,1.0,0.9642,0.055,False,name 100%; 0.1 km apart; type differs,
way/291885766,Jama'Ar Hazo Health Post,HEALTH_POST,a3129f6b-ec27-4d41-9ae2-d4dac39943ce,Jamaar Hazo Health Post,HEALTH_POST,Makoda,0.9807,match,0.9833,0.9992,0.001,True,name 98%; 0.0 km apart; type match,
node/2929137261,Zangon Mata Health Post,HEALTH_POST,433f7e05-b194-482a-a63f-b84730fc099b,Zango Mata Health Post,HEALTH_POST,Dawakin Tofa,0.9806,match,0.9818,0.9992,0.001,True,name 98%; 0.0 km apart; type match,
way/291879251,Galadimawa Health Post,HEALTH_POST,9abfc368-3758-42d4-a2d2-4dd3808c702d,Galadimawa Health Post,HEALTH_POST,Kunchi,0.9805,match,1.0,0.955,0.069,True,name 100%; 0.1 km apart; type match,
way/292037291,Sabon Ruwa Health Post,HEALTH_POST,43bf73db-4668-4365-9b51-c04571e952bd,Sabo Ruwa Health Post,HEALTH_POST,Makoda,0.9804,match,0.98,0.9992,0.001,True,name 98%; 0.0 km apart; type match,
way/792081426,Gurungawa Health Post,HEALTH_POST,4ff33209-82d5-44dd-8116-5b59247889e0,Gurun Gawa Health Post,HEALTH_POST,Kumbotso,0.9799,match,0.98,0.9897,0.016,True,name 98%; 0.0 km apart; type match,
way/291871752,Nasarawa Health Post,HEALTH_POST,e3a7feb3-3190-49ce-a613-641fa6e9d56f,Nassarawa Health Post,HEALTH_POST,Tsanyawa,0.9797,match,0.9741,0.9981,0.003,True,name 97%; 0.0 km apart; type match,
way/290171104,Munsira Health Post,HEALTH_POST,f8218ee8-5e98-443c-a8c4-8d09f5344d7c,Muntsira Health Post,HEALTH_POST,Bichi,0.9793,match,0.9708,0.9999,0.0,True,name 97%; 0.0 km apart; type match,
way/792922440,Gaya General Hospital,HOSPITAL,a64954c8-ebf4-42d5-ba51-fe00dbef88e4,Gaya General Hospital,HOSPITAL,Gaya,0.9793,match,1.0,0.9293,0.11,True,name 100%; 0.1 km apart; type match,
node/2925699899,Malan Gajere Health Post,HEALTH_POST,db147a24-0c24-499c-817e-df7ec25722fa,Malam Gajere Health Post,HEALTH_POST,Kabo,0.9789,match,0.9667,0.999,0.001,True,name 97%; 0.0 km apart; type match,
way/292045932,Kwuidawa Health Post,HEALTH_POST,8248477a-b039-4e44-8135-e440d8e153cb,Kuidawa Health Post,HEALTH_POST,Dawakin Tofa,0.9784,match,0.9625,0.9988,0.002,True,name 96%; 0.0 km apart; type match,
way/290171110,Rimin-Bai Health Post,HEALTH_POST,61b01f97-ebc1-40b6-ac15-d0646817d6b5,Rimin Bai Health Post,HEALTH_POST,Bagwai,0.9775,match,0.9556,0.9991,0.001,True,name 96%; 0.0 km apart; type match,
node/2925699890,Hawadin Galadima Primary Health Centre,PHC,db745496-1ae3-4745-b7f8-555908c962c9,Hauwaden Galadima Health Post,HEALTH_POST,Kabo,0.9771,match,0.952,0.9978,0.003,False,name 95%; 0.0 km apart; type differs,
way/290644504,Dan'Malam Health Post,HEALTH_POST,1ba48be8-d211-4a2d-9f37-40d5f0ab879b,Dan Malam Health Post,HEALTH_POST,Ajingi,0.9766,match,0.9481,0.9992,0.001,True,name 95%; 0.0 km apart; type match,
way/792113168,Ahmad Ado Bayero Primary Health Centre,PHC,3c8e0fd7-b37a-4947-88be-9bcbc8542ac4,Ahmad Ado Bayero Model Primary Health Center,PHC,Kumbotso,0.9763,match,0.9455,0.9957,0.007,True,name 95%; 0.0 km apart; type match,
way/292065978,Buruntumau Health Post,HEALTH_POST,20b8982b-8b4d-40d4-9d99-1744f26476b7,Burumtumau Health Post,HEALTH_POST,Dawakin Tofa,0.9752,match,0.9378,0.998,0.003,True,name 94%; 0.0 km apart; type match,
node/2923573776,Dambazau Health Post,HEALTH_POST,c22053ce-3d32-48fc-a184-9c810bea329b,Danbazau Health Post,HEALTH_POST,Karaye,0.9746,match,0.9333,0.9993,0.001,True,name 93%; 0.0 km apart; type match,
way/291932151,Yautar Kudu Primary Health Centre,PHC,967c9596-8d39-4623-a965-5345fbd978b0,Yautar Kudu Model Primary Health Center,PHC,Gabasawa,0.9741,match,0.9294,0.998,0.003,True,name 93%; 0.0 km apart; type match,
way/291879248,Dunbule Health Post,HEALTH_POST,c3f7e3e3-2065-4616-be00-59840e656770,Dumbule Health Post,HEALTH_POST,Kunchi,0.9733,match,0.9238,0.998,0.003,True,name 92%; 0.0 km apart; type match,
way/291440097,Zango II Health Post,HEALTH_POST,0536a6b0-5b04-4d86-bfb2-9fa79ea4a461,Zango 2 Health Post,HEALTH_POST,Rimin Gado,0.9729,match,0.9214,0.9978,0.003,True,name 92%; 0.0 km apart; type match,
way/291444440,Butu Butu Health Post,HEALTH_POST,7b6cfa62-8575-496f-bff4-d2631dab438a,Butu Butu Model Primary Health Center,PHC,Rimin Gado,0.9727,match,0.92,0.9984,0.002,False,name 92%; 0.0 km apart; type differs,
way/292037292,Maitsidau Primary Health Centre,PHC,c48267e9-a643-4310-969f-487a4cdb6469,Maitsidau Basic Health Center,PHC,Makoda,0.9727,match,0.92,0.9998,0.0,True,name 92%; 0.0 km apart; type match,
node/2925849531,Kwanyawa Primary Health Centre,PHC,a45893ec-4ff0-4ab7-823b-5d490eacc630,Kwanyawa Model Primary Health Center,PHC,Karaye,0.9718,match,0.9143,0.9961,0.006,True,name 91%; 0.0 km apart; type match,
way/291932112,Ketawa H.P Health Post,HEALTH_POST,50a9fa1c-47e9-4de2-b7d6-22f2101e6391,Ketawa Health Post,HEALTH_POST,Gezawa,0.9715,match,0.92,0.9819,0.027,True,name 92%; 0.0 km apart; type match,
way/292047869,Dankunkuru Health Post,HEALTH_POST,e3903429-1128-4ad4-ad85-1797a2de9479,Dan Kurkuru Health Post,HEALTH_POST,Ungogo,0.9709,match,0.9083,0.9987,0.002,True,name 91%; 0.0 km apart; type match,
node/2925719600,Dangora Primary Health Centre,PHC,ff4d78fb-e1ee-4c54-bbe0-5193afb7e12a,Dangora Basic Health Center,PHC,Kiru,0.9708,match,0.9077,0.9988,0.002,True,name 91%; 0.0 km apart; type match,
way/291446639,Dangada Primary Health Centre,PHC,59f918dd-6826-46fc-9f23-dfd6200796db,Dangada Model Primary Health Center,PHC,Bagwai,0.9708,match,0.9077,0.9957,0.007,True,name 91%; 0.0 km apart; type match,
way/792470872,Lakwaya Primary Health Centre,PHC,4749992d-c424-4102-a004-d7f64f5a5017,Lakwaya Model Primary Health Center,PHC,Gwarzo,0.9708,match,0.9077,0.9966,0.005,True,name 91%; 0.0 km apart; type match,
way/291882073,Danmadaki Health Post,HEALTH_POST,0b0ed7ee-5e80-445b-8bcc-8f591fdb80a1,Dan Maidaki Health Post,HEALTH_POST,Makoda,0.9705,match,0.9057,0.9989,0.002,True,name 91%; 0.0 km apart; type match,
way/292065939,Dawanau Primary Health Centre,PHC,717870a2-fce7-4689-a5dc-95424a4d69ed,Dawanau Basic Health Center,PHC,Dawakin Tofa,0.9699,match,0.9077,0.9871,0.02,True,name 91%; 0.0 km apart; type match,
node/2929399571,Rimaye Health Post,HEALTH_POST,de975229-f584-49af-9135-4d37c390d503,Rimayen Rake Health Post,HEALTH_POST,Bichi,0.9696,match,0.9,0.9988,0.002,True,name 90%; 0.0 km apart; type match,
way/291761159,Tsaure Primary Health Centre,PHC,66bb1dea-1ca0-4bac-9ddf-9b4a19786715,Tsaure Basic Health Center,PHC,Shanono,0.9696,match,0.9,0.9992,0.001,True,name 90%; 0.0 km apart; type match,
way/292037282,Dawon Kaya Health Post,HEALTH_POST,6eca321d-bb16-43e7-9aa3-d875fd3affb9,Dawan Kaya Health Post,HEALTH_POST,Makoda,0.9696,match,0.9,0.9988,0.002,True,name 90%; 0.0 km apart; type match,
way/792111701,Tariwa Primary Health Centre,PHC,7d269d9c-5e83-42eb-b173-a44417ce87dc,Tariwa Basic Health Center,PHC,Bebeji,0.9696,match,0.9,0.9944,0.008,True,name 90%; 0.0 km apart; type match,
way/292050058,Fanisau Primary Health Centre,PHC,2a43eba7-9958-48fb-b4d3-2a617e537369,Panisau Health Clinic,CLINIC,Ungogo,0.9689,match,0.9048,0.98,0.03,False,name 90%; 0.0 km apart; type differs,
way/292037278,Fagwalo Health Post,HEALTH_POST,c919b715-c212-4255-bf34-bf9464639816,Fagolo Health Post,HEALTH_POST,Bichi,0.9686,match,0.8944,0.9993,0.001,True,name 89%; 0.0 km apart; type match,
way/291881003,Ridawa Health Post,HEALTH_POST,8aa7d1c6-8eb8-42eb-bdec-f5ca9d25c7e1,Ridawar Kwari Health Post,HEALTH_POST,Kunchi,0.9682,match,0.8923,0.9988,0.002,True,name 89%; 0.0 km apart; type match,
way/292065976,Bugai Primary Health Centre,PHC,9e02b04d-9932-4cc1-9932-cc75ff61bcc6,Bugai Model Primary Health Center,PHC,Tofa,0.968,match,0.8909,0.9922,0.012,True,name 89%; 0.0 km apart; type match,
way/792485991,Rahama Primary Health Centre,PHC,046403e3-56d3-4eee-a342-6779bb7dd582,Rahama Basic Health Center,PHC,Bebeji,0.9679,match,0.9,0.9773,0.034,True,name 90%; 0.0 km apart; type match,
way/792829698,Sare-Sare Primary Health Centre,PHC,e07b0267-d593-4764-bbd5-c5c20c886bc1,Sare Sare Model Primary Health Center,PHC,Bagwai,0.9669,match,0.8844,0.9939,0.009,True,name 88%; 0.0 km apart; type match,
way/292049015,Yakasai Health Post,HEALTH_POST,6abfe984-4804-4374-95af-71a25fa526d4,Yakasai Dandalama Health Post,HEALTH_POST,Dawakin Tofa,0.9665,match,0.8824,0.9992,0.001,True,name 88%; 0.0 km apart; type match,
node/2925757203,Kogo Primary Health Centre,PHC,6513af3a-e628-4ecc-8abd-f0244919378d,Kogo Model Primary Health Center,PHC,Kiru,0.9661,match,0.88,0.9988,0.002,True,name 88%; 0.0 km apart; type match,
way/291901211,Kore Primary Health Centre,PHC,0c75c87c-50ea-487c-840f-285a06a86397,Kore Model Primary Health Center,PHC,Dambatta,0.9661,match,0.88,0.9985,0.002,True,name 88%; 0.0 km apart; type match,
way/792544522,Durba Health Post,HEALTH_POST,437b4ca6-0464-4616-a4ca-794550666c82,Durba Basic Health Center,PHC,Kibiya,0.9658,match,0.8909,0.971,0.044,False,name 89%; 0.0 km apart; type differs,
way/792569803,Ahip Primary Health Centre,PHC,a1e02858-0b6b-4f6a-91a4-f5cd49f8f414,Ahip Family Health Center,PHC,Garko,0.9647,match,0.8727,0.9956,0.007,True,name 87%; 0.0 km apart; type match,
way/291879258,Yandadi Primary Health Centre,PHC,e16e4ac3-8eac-4a39-8972-8355e527fd77,Yandadi Model Primary Health Clinic,CLINIC,Kunchi,0.9635,match,0.8667,0.9947,0.008,False,name 87%; 0.0 km apart; type differs,
node/2925849530,Jama'A Primary Health Centre,PHC,5c3a7551-cf95-4645-9ae2-7345717bab2a,Jamaa Basic Health Center,PHC,Gwarzo,0.9617,match,0.8576,0.9975,0.004,True,name 86%; 0.0 km apart; type match,
way/292045549,Rijiyar Lemo Maternal and Child Health,HOSPITAL,e8e2203c-4e4f-41e8-bbe8-ae8a361aedfe,Rijiyar Lemo Maternity Clinic,MATERNITY,Fagge,0.9603,match,0.8567,0.9868,0.02,False,name 86%; 0.0 km apart; type differs,
way/791377515,Masu Primary Health Centre,PHC,08a54e6a-ce59-458c-9bfd-5c0d475c1b8c,Massu Basic Health Center,PHC,Sumaila,0.9592,match,0.8515,0.9867,0.02,True,name 85%; 0.0 km apart; type match,
